time,ax (m/s^2),ay (m/s^2),az (m/s^2),aT (m/s^2)
0.007848,0.4042,0.0154,0.5537,0.686
0.008908,0.4667,0.0004,0.7266,0.864
0.009450,0.4714,0.0209,0.8755,0.995
0.009990,0.5208,0.0054,1.1009,1.218
0.014096,0.5981,-0.0400,1.2287,1.367
0.018468,0.6386,-0.0487,1.3454,1.490
0.028079,0.6882,-0.0878,1.4391,1.598
0.029021,0.7541,-0.1315,1.3957,1.592
0.034041,0.7264,-0.1681,1.3969,1.583
0.038052,0.7154,-0.1809,1.3329,1.524
0.044298,0.6756,-0.1958,1.2490,1.433
0.049180,0.6402,-0.2344,1.1235,1.314
0.053967,0.5422,-0.2536,1.0497,1.208
0.058656,0.4486,-0.2601,0.9939,1.121
0.063130,0.3901,-0.2733,0.8604,0.983
0.076398,0.3380,-0.2714,0.7639,0.878
0.077395,0.2613,-0.2638,0.6493,0.748
0.077946,0.2391,-0.2168,0.5499,0.638
0.086824,0.1688,-0.1826,0.4775,0.538
0.089925,0.0862,-0.1086,0.3913,0.415
0.093709,0.0037,-0.0663,0.3198,0.327
0.098936,-0.0311,-0.0049,0.2795,0.281
0.104905,-0.0373,0.0563,0.2465,0.256
0.108600,-0.0345,0.1009,0.1848,0.213
0.112790,-0.0322,0.1291,0.1491,0.200
0.118947,0.0004,0.1698,0.1920,0.256
0.123231,0.0322,0.1538,0.1650,0.228
0.128038,0.0628,0.1506,0.0992,0.191
0.133353,0.0635,0.1843,0.1166,0.227
0.138757,0.0941,0.2188,0.1094,0.262
0.143505,0.1402,0.2112,0.1232,0.282
0.148510,0.1709,0.1828,0.1436,0.288
0.163236,0.2313,0.1958,0.1730,0.349
0.165273,0.2689,0.1829,0.1520,0.359
0.166859,0.2918,0.1414,0.2098,0.386
0.168222,0.3434,0.1310,0.2318,0.435
0.190902,0.4025,0.1034,0.2326,0.476
0.192715,0.4338,0.0866,0.2866,0.527
0.194436,0.4326,0.0619,0.2719,0.515
0.196285,0.4444,0.0600,0.2245,0.501
0.197508,0.4194,0.0714,0.1253,0.443
0.198788,0.3603,0.0769,0.0700,0.375
0.203402,0.3148,0.1198,0.0131,0.337
0.208968,0.2590,0.1354,-0.0837,0.304
0.213826,0.1810,0.1860,-0.1392,0.295
0.222121,0.0639,0.2024,-0.2346,0.316
0.223945,-0.0711,0.2613,-0.2699,0.382
0.228352,-0.1694,0.2718,-0.3405,0.467
0.234188,-0.2843,0.3129,-0.4181,0.595
0.247815,-0.3992,0.3444,-0.4619,0.701
0.250178,-0.4954,0.3756,-0.4866,0.789
0.252085,-0.5397,0.4138,-0.5255,0.859
0.255781,-0.5875,0.4688,-0.5143,0.911
0.264023,-0.5601,0.4496,-0.5200,0.887
0.268946,-0.5363,0.4783,-0.5354,0.896
0.272396,-0.4832,0.4786,-0.5151,0.853
0.274723,-0.3530,0.4095,-0.5046,0.740
0.280261,-0.2992,0.3859,-0.4966,0.696
0.283864,-0.2378,0.3672,-0.4577,0.633
0.288939,-0.1349,0.3054,-0.3997,0.521
0.294711,-0.0600,0.2507,-0.3801,0.459
0.297903,-0.0578,0.2436,-0.3389,0.421
0.313045,0.0180,0.2145,-0.3048,0.373
0.314762,0.0269,0.1709,-0.1773,0.248
0.316268,0.0839,0.1528,-0.0615,0.185
0.319113,0.0962,0.1219,-0.0433,0.161
0.338230,0.0974,0.0880,-0.0200,0.133
0.339921,0.1496,0.0393,-0.0490,0.162
0.341111,0.1263,0.0309,-0.1086,0.169
0.342114,0.0800,0.0515,-0.1085,0.144
0.343216,0.0420,0.0511,-0.1565,0.170
0.347797,0.0194,0.0517,-0.2048,0.212
0.354862,-0.0048,0.0964,-0.2296,0.249
0.358096,-0.0330,0.1209,-0.1954,0.232
0.362696,-0.0055,0.1420,-0.1643,0.217
0.369233,0.0242,0.1308,-0.0790,0.155
0.372702,0.0440,0.0730,-0.0948,0.127
0.378735,0.0190,0.0668,-0.1734,0.187
0.384105,0.0414,0.0715,-0.0779,0.114
0.388045,0.0347,0.0462,-0.0118,0.059
0.393766,0.0226,-0.0002,0.0445,0.050
0.398952,0.0188,-0.0440,0.0888,0.101
0.403122,-0.0826,-0.0784,0.1093,0.158
0.407632,-0.1403,-0.1059,0.1108,0.208
0.412531,-0.2167,-0.0957,0.1198,0.266
0.421168,-0.2646,-0.0788,0.1028,0.295
0.422750,-0.3318,-0.0508,0.0289,0.337
0.429351,-0.3757,-0.0691,0.0057,0.382
0.432983,-0.4349,-0.0381,-0.0576,0.440
0.437905,-0.5071,0.0015,-0.0775,0.513
0.444050,-0.4778,0.0354,-0.1304,0.497
0.447677,-0.4834,0.0759,-0.1160,0.503
0.454087,-0.4448,0.1228,-0.1515,0.486
0.457977,-0.4359,0.1238,-0.2156,0.502
0.462752,-0.4470,0.1603,-0.2028,0.516
0.469926,-0.3969,0.2081,-0.1803,0.483
0.472869,-0.2816,0.2675,-0.1530,0.417
0.477640,-0.2025,0.2285,-0.1495,0.340
0.484059,-0.2042,0.1919,-0.2345,0.365
0.487913,-0.1556,0.2657,-0.3076,0.435
0.492762,-0.0896,0.3063,-0.3067,0.443
0.497622,-0.0780,0.3138,-0.2509,0.409
0.503028,-0.0160,0.2854,-0.1737,0.335
0.507556,0.0029,0.3313,-0.1492,0.363
0.512813,-0.0002,0.3316,-0.1248,0.354
0.517994,-0.0205,0.3176,-0.1171,0.339
0.522710,-0.0268,0.3014,-0.0856,0.314
0.527952,-0.0094,0.3090,-0.0876,0.321
0.533574,-0.0088,0.2950,-0.0752,0.305
0.537878,-0.0175,0.2761,-0.0435,0.280
0.542884,-0.0354,0.3071,-0.0285,0.310
0.547702,-0.0244,0.3140,-0.0038,0.315
0.553390,-0.0082,0.3399,0.0448,0.343
0.557912,0.0064,0.3658,0.0503,0.369
0.562670,0.0121,0.3676,0.0727,0.375
0.571294,0.0255,0.3644,0.1190,0.384
0.572909,0.0899,0.3561,0.1272,0.389
0.577705,0.0997,0.3166,0.0519,0.336
0.583258,0.1220,0.2863,0.0032,0.311
0.588013,0.0996,0.2656,-0.0095,0.284
0.595851,0.0801,0.2451,-0.0414,0.261
0.597715,0.0369,0.2080,-0.0924,0.231
0.603025,-0.0205,0.2166,-0.1148,0.246
0.607883,-0.0229,0.2015,-0.1635,0.261
0.612666,-0.0520,0.2250,-0.1836,0.295
0.622046,-0.0862,0.2058,-0.1966,0.297
0.624016,-0.1375,0.2063,-0.1932,0.314
0.627443,-0.1532,0.2001,-0.1901,0.316
0.633567,-0.1642,0.2231,-0.1680,0.324
0.638052,-0.1776,0.2247,-0.1341,0.316
0.642401,-0.1506,0.2793,-0.0574,0.322
0.647499,-0.1187,0.3123,0.0502,0.338
0.654574,-0.0919,0.3285,0.0525,0.345
0.657918,-0.0418,0.2894,0.0692,0.300
0.662750,-0.0201,0.2908,0.0694,0.300
0.668531,-0.0067,0.2873,0.0696,0.296
0.672401,0.0395,0.2764,0.0460,0.283
0.678791,0.1015,0.2675,0.0537,0.291
0.683537,0.1005,0.2583,0.0496,0.282
0.687292,0.0716,0.2226,0.0314,0.236
0.693146,0.0243,0.2199,-0.0010,0.221
0.697415,-0.0270,0.2623,-0.0474,0.268
0.702870,-0.0942,0.2734,-0.1057,0.308
0.709713,-0.1321,0.2390,-0.1327,0.304
0.712395,-0.1626,0.2572,-0.1096,0.323
0.717084,-0.1962,0.2284,-0.1475,0.335
0.722316,-0.2152,0.2258,-0.1780,0.359
0.727203,-0.1746,0.2254,-0.1416,0.318
0.732536,-0.1726,0.2010,-0.1054,0.285
0.737846,-0.1521,0.1788,-0.1074,0.258
0.742405,-0.1226,0.2088,-0.1424,0.281
0.747349,-0.0749,0.2074,-0.1532,0.269
0.753608,-0.0777,0.2175,-0.1828,0.295
0.757652,-0.0229,0.2655,-0.2454,0.362
0.762325,0.0707,0.2847,-0.1982,0.354
0.768186,0.1669,0.2939,-0.1632,0.375
0.772658,0.2779,0.2959,-0.1023,0.419
0.777681,0.3867,0.3167,-0.0110,0.500
0.782553,0.4176,0.3488,0.0679,0.548
0.787356,0.4706,0.3539,0.1511,0.608
0.792000,0.4984,0.3631,0.2958,0.684
0.798585,0.4903,0.3666,0.3876,0.725
0.803628,0.4552,0.3687,0.4562,0.742
0.807527,0.3709,0.3618,0.5279,0.740
0.814287,0.2992,0.3675,0.5503,0.726
0.819817,0.1513,0.3520,0.5186,0.645
0.822666,-0.0015,0.3061,0.5047,0.590
0.827486,-0.0593,0.2586,0.4511,0.523
0.833018,-0.1396,0.2191,0.3888,0.468
0.837240,-0.1997,0.2024,0.2508,0.379
0.842605,-0.2420,0.1658,0.0895,0.307
0.847845,-0.2665,0.1334,-0.0401,0.301
0.856136,-0.2732,0.1108,-0.2340,0.376
0.857898,-0.2884,0.0813,-0.2963,0.421
0.863656,-0.2882,0.0863,-0.3924,0.494
0.873477,-0.2462,0.0948,-0.5177,0.581
0.874436,-0.2555,0.0735,-0.6003,0.657
0.878588,-0.2179,0.0945,-0.6168,0.661
0.882203,-0.1997,0.1104,-0.7060,0.742
0.887175,-0.1530,0.1066,-0.7100,0.734
0.893559,-0.1350,0.1048,-0.7127,0.733
0.898346,-0.0881,0.1193,-0.6829,0.699
0.902335,-0.0888,0.1094,-0.6709,0.686
0.907157,-0.0748,0.1111,-0.6624,0.676
0.912043,-0.0698,0.0929,-0.6476,0.658
0.918178,-0.0787,0.0931,-0.5787,0.591
0.922437,-0.0775,0.0971,-0.5107,0.526
0.927425,-0.0928,0.0903,-0.4122,0.432
0.932316,-0.0985,0.1033,-0.3072,0.339
0.937479,-0.0832,0.0953,-0.2169,0.251
0.942379,-0.0350,0.0589,-0.0456,0.082
0.947438,-0.0570,0.0367,-0.0012,0.068
0.955545,-0.1229,0.0214,0.0289,0.128
0.957376,-0.1417,0.0293,0.0976,0.175
0.962531,-0.1899,0.0102,0.0972,0.214
0.973115,-0.1862,0.0288,0.1378,0.233
0.974719,-0.1857,0.0585,0.1501,0.246
0.977433,-0.1952,0.0420,0.1077,0.227
0.982357,-0.1643,0.0440,0.0515,0.178
0.987545,-0.0902,0.0286,0.0147,0.096
0.993952,-0.0207,0.0296,-0.0170,0.040
0.997349,0.0443,-0.0341,-0.0581,0.081
1.002799,0.1144,-0.0690,-0.1255,0.183
1.007647,0.1514,-0.0416,-0.1736,0.234
1.012297,0.1814,-0.0379,-0.2577,0.317
1.019694,0.1853,-0.0240,-0.3157,0.367
1.023221,0.1753,-0.0118,-0.3525,0.394
1.027242,0.1583,-0.0273,-0.3801,0.413
1.033031,0.1464,0.0177,-0.3675,0.396
1.037421,0.1318,0.0467,-0.3242,0.353
1.042315,0.0952,0.0288,-0.3149,0.330
1.047394,0.0822,0.0404,-0.2368,0.254
1.052320,0.0807,0.0120,-0.2116,0.227
1.057622,0.0934,0.0006,-0.1699,0.194
1.062434,0.0559,-0.0489,-0.0901,0.117
1.067341,0.0376,-0.0889,-0.0461,0.107
1.072307,0.0407,-0.0573,0.0289,0.076
1.077495,0.0434,-0.0837,0.0181,0.096
1.082336,-0.0211,-0.0985,-0.0260,0.104
1.087950,-0.0953,-0.0827,-0.0004,0.126
1.092505,-0.1198,-0.0794,-0.0271,0.146
1.097415,-0.1163,-0.0934,-0.0775,0.168
1.104386,-0.1640,-0.0934,-0.0821,0.206
1.107565,-0.1817,-0.0841,-0.0723,0.213
1.112405,-0.1527,-0.1107,-0.0863,0.207
1.117275,-0.1223,-0.0802,-0.0571,0.157
1.121947,-0.0932,-0.0308,-0.0183,0.100
1.126906,-0.0553,-0.0126,0.0253,0.062
1.132550,0.0446,-0.0401,0.0689,0.091
1.138065,0.0705,-0.0079,0.1197,0.139
1.142427,0.1087,-0.0094,0.1610,0.195
1.147029,0.1646,-0.0183,0.1881,0.251
1.153074,0.1927,-0.0393,0.2391,0.310
1.156959,0.2194,-0.0580,0.2733,0.355
1.162047,0.2136,-0.0193,0.2764,0.350
1.167858,0.2447,-0.0617,0.3176,0.406
1.172623,0.1999,-0.0277,0.2536,0.324
1.177183,0.1749,-0.0102,0.2040,0.269
1.182198,0.1622,0.0004,0.2499,0.298
1.187774,0.1210,0.0039,0.2502,0.278
1.192525,0.1085,0.0173,0.2289,0.254
1.197693,0.0958,0.0451,0.2793,0.299
1.203703,0.1161,0.0470,0.2840,0.310
1.206728,0.1198,0.0466,0.2767,0.305
1.212332,0.1549,0.0224,0.3124,0.349
1.217120,0.1952,0.0099,0.3721,0.420
1.222348,0.2480,0.0069,0.3600,0.437
1.227145,0.2892,0.0035,0.3840,0.481
1.232350,0.3262,-0.0218,0.3579,0.485
1.240321,0.3759,-0.0235,0.3631,0.523
1.246676,0.4096,-0.0327,0.3087,0.514
1.247893,0.4417,-0.0327,0.2736,0.521
1.255349,0.4604,-0.0331,0.2651,0.532
1.257036,0.4580,-0.0407,0.2088,0.505
1.262237,0.4537,-0.0295,0.1670,0.484
1.267360,0.4519,0.0034,0.1348,0.472
1.272436,0.4788,0.0170,0.1051,0.490
1.277348,0.4240,0.0519,0.0827,0.435
1.283830,0.4671,0.0387,0.0461,0.471
1.288539,0.4835,0.0613,0.0717,0.493
1.293511,0.4801,0.0358,0.0593,0.485
1.298380,0.4832,0.0508,0.0134,0.486
1.303216,0.4812,0.0561,0.0251,0.485
1.308548,0.4980,0.0827,0.0632,0.509
1.312093,0.5097,0.1041,0.0559,0.523
1.316665,0.5309,0.1012,0.0394,0.542
1.322596,0.5494,0.1101,0.0515,0.563
1.326836,0.6274,0.1237,0.0208,0.640
1.332332,0.6861,0.0919,0.0569,0.695
1.337493,0.6757,0.1011,0.0403,0.684
1.341999,0.7160,0.1058,0.0283,0.724
1.346799,0.7405,0.1419,0.0113,0.754
1.352364,0.7660,0.1638,-0.0033,0.783
1.358656,0.7691,0.1501,-0.0229,0.784
1.362537,0.7783,0.1391,-0.0355,0.791
1.367253,0.7958,0.1595,-0.0601,0.814
1.373181,0.7927,0.1779,-0.0779,0.816
1.376947,0.8286,0.2162,-0.1462,0.869
1.383208,0.8867,0.2237,-0.1356,0.925
1.389827,0.9284,0.2580,-0.1326,0.973
1.392097,0.9491,0.2809,-0.1585,1.002
1.397334,0.9941,0.2897,-0.1965,1.054
1.411361,0.9703,0.2918,-0.1629,1.026
1.413010,0.9734,0.3731,-0.1176,1.049
1.414002,0.9743,0.4284,-0.1012,1.069
1.417130,0.9442,0.4528,-0.0922,1.051
1.422149,0.9427,0.5036,-0.0568,1.070
1.427039,1.0082,0.5090,-0.0909,1.133
1.431766,1.0041,0.5310,-0.0771,1.138
1.438710,1.0288,0.5290,-0.0752,1.159
1.441832,1.0392,0.5700,-0.0781,1.188
1.446475,1.0351,0.5558,-0.0760,1.177
1.453998,1.0308,0.5462,-0.0978,1.171
1.464649,1.0165,0.5673,-0.0811,1.167
1.468252,1.0042,0.5760,-0.0594,1.159
1.469990,0.9817,0.5744,-0.0590,1.139
1.473321,0.9607,0.6081,-0.0415,1.138
1.476970,0.9152,0.5789,-0.0069,1.083
1.481540,0.8856,0.5752,-0.0245,1.056
1.487606,0.8670,0.5992,-0.0321,1.054
1.493525,0.7901,0.6008,-0.0560,0.994
1.497745,0.7341,0.6040,-0.0603,0.953
1.508724,0.6702,0.6039,-0.0762,0.905
1.510744,0.6296,0.6054,-0.1012,0.879
1.512535,0.6526,0.6254,-0.1474,0.916
1.530166,0.6582,0.6113,-0.1885,0.918
1.531760,0.6967,0.5778,-0.2365,0.936
1.532909,0.7183,0.5490,-0.3155,0.958
1.533908,0.7184,0.5325,-0.3706,0.968
1.539762,0.7283,0.5642,-0.3852,0.999
1.543068,0.7215,0.5580,-0.4525,1.018
1.547650,0.7507,0.5404,-0.4698,1.037
1.553439,0.7250,0.5332,-0.5233,1.041
1.557598,0.6680,0.5528,-0.5436,1.023
1.564261,0.6349,0.5877,-0.5308,1.015
1.569804,0.5919,0.5826,-0.5446,0.993
1.573572,0.5505,0.5784,-0.5541,0.972
1.577554,0.4866,0.6159,-0.5402,0.953
1.582229,0.4410,0.6735,-0.5195,0.958
1.589670,0.4395,0.6841,-0.5018,0.956
1.591954,0.4323,0.6383,-0.3984,0.868
1.596697,0.4286,0.6625,-0.3241,0.853
1.602046,0.4049,0.6252,-0.2263,0.778
1.608042,0.4287,0.5908,-0.1719,0.750
1.612389,0.4283,0.6237,-0.0986,0.763
1.619135,0.4236,0.6039,-0.0707,0.741
1.623538,0.4054,0.5767,-0.0476,0.707
1.627377,0.3907,0.5539,-0.0410,0.679
1.632958,0.3465,0.5857,-0.0629,0.683
1.637808,0.3207,0.5692,-0.1014,0.661
1.642371,0.2968,0.5833,-0.1133,0.664
1.647035,0.2341,0.5611,-0.2015,0.641
1.656833,0.1756,0.5432,-0.2512,0.624
1.658621,0.0974,0.5750,-0.3340,0.672
1.663708,0.0684,0.5850,-0.4502,0.741
1.666993,-0.0245,0.5924,-0.5876,0.835
1.676268,-0.0980,0.6067,-0.6769,0.914
1.678773,-0.1500,0.6425,-0.7565,1.004
1.682680,-0.1838,0.6494,-0.8694,1.101
1.687435,-0.2928,0.6731,-1.0395,1.273
1.692442,-0.3397,0.6659,-1.1282,1.353
1.698309,-0.3655,0.6662,-1.1381,1.368
1.703338,-0.3731,0.6807,-1.1598,1.396
1.707651,-0.3988,0.6906,-1.2126,1.451
1.711657,-0.3848,0.6787,-1.2055,1.436
1.717535,-0.3667,0.6883,-1.2533,1.476
1.722242,-0.3323,0.6954,-1.3105,1.520
1.727257,-0.3216,0.6806,-1.2959,1.499
1.731849,-0.2988,0.6702,-1.2714,1.468
1.736919,-0.3211,0.6474,-1.2827,1.472
1.742290,-0.3093,0.6574,-1.2840,1.475
1.747120,-0.3158,0.6379,-1.3113,1.492
1.754066,-0.2975,0.6129,-1.3717,1.532
1.757102,-0.3211,0.5963,-1.4579,1.608
1.762308,-0.3218,0.5669,-1.5052,1.640
1.767500,-0.3025,0.5293,-1.5687,1.683
1.772662,-0.2988,0.4764,-1.7082,1.798
1.777195,-0.2817,0.4225,-1.8567,1.925
1.784152,-0.2510,0.3607,-1.9136,1.963
1.791900,-0.2288,0.3027,-2.0418,2.077
1.794138,-0.2151,0.2391,-2.2411,2.264
1.797480,-0.2144,0.2033,-2.3535,2.372
1.815314,-0.1645,0.1498,-2.5108,2.521
1.817469,-0.1589,0.0814,-2.6460,2.652
1.819409,-0.0875,0.0269,-2.7713,2.773
1.821490,-0.0014,-0.0134,-2.8603,2.860
1.823219,0.0655,-0.0751,-2.9396,2.941
1.827807,0.1104,-0.1478,-3.0407,3.046
1.832887,0.1115,-0.1569,-3.1471,3.153
1.839140,0.0857,-0.1309,-3.1035,3.107
1.842274,-0.0048,-0.1036,-3.0367,3.038
1.847980,-0.0856,0.0229,-2.9417,2.943
1.853917,-0.1324,0.1331,-2.7826,2.789
1.857051,-0.2313,0.1908,-2.5808,2.598
1.862339,-0.2653,0.1908,-2.4556,2.477
1.866531,-0.2991,0.2042,-2.3013,2.330
1.872279,-0.2924,0.2045,-2.1872,2.216
1.877426,-0.2219,0.1364,-2.0989,2.115
1.881654,-0.2221,0.1005,-2.0244,2.039
1.886832,-0.1804,0.0587,-2.0210,2.030
1.892608,-0.1537,0.0202,-2.0002,2.006
1.897196,-0.1419,0.0712,-1.9642,1.971
1.904910,-0.1114,0.0751,-1.9634,1.968
1.907449,-0.0572,0.0654,-1.9569,1.959
1.912250,-0.0243,0.0684,-1.9829,1.984
1.917160,0.0138,0.0459,-1.9578,1.958
1.922148,0.0576,0.0579,-2.0658,2.067
1.927004,0.0976,0.0736,-2.0917,2.095
1.931779,0.1385,0.0738,-2.1383,2.144
1.938870,0.1658,0.1760,-2.2466,2.260
1.945122,0.1725,0.2300,-2.2419,2.260
1.946666,0.1513,0.2693,-2.2466,2.268
1.958912,0.1714,0.3733,-2.2559,2.293
1.960114,0.1730,0.4824,-2.2797,2.337
1.963204,0.1631,0.5444,-2.2177,2.289
1.967676,0.1514,0.6261,-2.1416,2.236
1.972197,0.1020,0.7136,-2.0733,2.195
1.979130,0.0389,0.8044,-1.8834,2.048
1.982640,-0.0549,0.8770,-1.7637,1.970
1.988529,-0.1339,0.8905,-1.6180,1.852
1.991378,-0.2417,0.8833,-1.5136,1.769
1.996738,-0.3428,0.9037,-1.3646,1.672
2.003174,-0.4041,0.8848,-1.2188,1.559
2.008209,-0.3901,0.8624,-1.1075,1.457
2.011707,-0.3439,0.7841,-0.9183,1.255
2.017016,-0.2873,0.7170,-0.6632,1.018
2.024399,-0.2030,0.6801,-0.3639,0.798
2.026961,-0.0903,0.6015,-0.0275,0.609
2.032985,-0.0180,0.5480,0.3056,0.628
2.039079,0.0507,0.5311,0.6929,0.875
2.042137,0.1064,0.4907,1.1084,1.217
2.047312,0.0926,0.4790,1.4137,1.496
2.054961,-0.0525,0.4549,1.5852,1.650
2.056882,-0.2465,0.4137,1.7333,1.799
2.062277,-0.4850,0.4104,1.9080,2.011
2.068049,-0.7761,0.4361,1.9344,2.129
2.079263,-1.2322,0.5219,1.8939,2.319
2.081207,-1.7585,0.6470,1.8436,2.629
2.083711,-2.1671,0.8261,1.8330,2.956
2.100653,-2.5238,1.1268,1.8595,3.331
2.103296,-2.8509,1.4132,1.8937,3.703
2.105344,-3.0904,1.7418,2.0445,4.094
2.107177,-3.1781,1.9874,2.3009,4.398
2.108747,-3.0081,2.1391,2.5876,4.508
2.112894,-2.6481,2.1717,2.8462,4.453
2.117547,-2.1016,2.0716,3.1649,4.327
2.122724,-1.4075,1.8504,3.5395,4.235
2.127469,-0.6386,1.4835,4.1196,4.425
2.131157,0.1075,0.9919,4.8308,4.933
2.137083,0.8112,0.4748,5.4988,5.579
2.141355,1.4272,-0.0300,5.9939,6.162
2.146154,1.8388,-0.4730,6.1891,6.474
2.152419,1.9598,-0.8018,6.1577,6.512
2.158427,1.8501,-0.9964,5.8770,6.241
2.162053,1.5229,-1.0105,5.4074,5.708
2.166894,1.0217,-0.8778,4.7805,4.967
2.171684,0.4005,-0.5958,4.0942,4.157
2.176952,-0.2263,-0.2709,3.3523,3.371
2.182211,-0.7399,0.0057,2.5179,2.624
2.189199,-1.1682,0.2867,1.7162,2.096
2.191713,-1.4764,0.5006,0.9645,1.833
2.196863,-1.6816,0.7147,0.2634,1.846
2.203566,-1.6778,0.9119,-0.3789,1.947
2.206589,-1.5456,1.0465,-0.9137,2.078
2.211415,-1.3354,1.2036,-1.2655,2.199
2.216314,-0.9390,1.2791,-1.4854,2.174
2.222043,-0.5159,1.2808,-1.6288,2.135
2.229040,-0.1175,1.2258,-1.6383,2.049
2.231398,0.3195,1.1449,-1.5305,1.938
2.237241,0.6768,1.0353,-1.3840,1.856
2.241560,0.9512,0.8962,-1.2363,1.799
2.246376,1.1847,0.7508,-1.0463,1.750
2.252903,1.2618,0.6003,-0.9229,1.675
2.256413,1.2961,0.4445,-0.8420,1.608
2.261620,1.1804,0.2799,-0.7071,1.404
2.266295,1.0368,0.1006,-0.5751,1.190
2.272364,0.9129,-0.0722,-0.5247,1.055
2.276487,0.7417,-0.2656,-0.5769,0.976
2.281458,0.5567,-0.4233,-0.5469,0.888
2.287465,0.3698,-0.5388,-0.5588,0.860
2.292878,0.2720,-0.6469,-0.6574,0.962
2.296335,0.1535,-0.7549,-0.8545,1.151
2.307045,0.0074,-0.8704,-1.1068,1.408
2.308660,-0.1184,-0.9602,-1.3638,1.672
2.312130,-0.2505,-0.9999,-1.6426,1.939
2.317803,-0.3777,-1.0183,-1.8906,2.180
2.327097,-0.4774,-0.9984,-2.1297,2.400
2.328728,-0.5676,-0.9394,-2.3342,2.579
2.332500,-0.7164,-0.8820,-2.5019,2.748
2.337705,-0.8701,-0.7895,-2.6310,2.881
2.342087,-1.0083,-0.6572,-2.7410,2.994
2.346881,-1.1441,-0.4872,-2.7770,3.043
2.353317,-1.2489,-0.3559,-2.6964,2.993
2.357465,-1.3186,-0.1897,-2.5590,2.885
2.361480,-1.3365,-0.0699,-2.3169,2.676
2.366799,-1.2767,-0.0139,-2.0992,2.457
2.373211,-1.1029,0.0255,-1.8600,2.163
2.376819,-0.8674,-0.0052,-1.6348,1.851
2.382716,-0.6029,-0.0966,-1.4065,1.533
2.387287,-0.3325,-0.2303,-1.2943,1.356
2.394950,-0.0721,-0.4014,-1.2549,1.320
2.396757,0.1957,-0.5623,-1.2234,1.361
2.406225,0.3984,-0.7150,-1.2475,1.492
2.408418,0.5536,-0.7952,-1.3103,1.630
2.416923,0.6525,-0.8648,-1.3496,1.731
2.417812,0.6330,-0.8925,-1.4851,1.845
2.421418,0.6294,-0.8542,-1.5780,1.902
2.426879,0.5657,-0.8566,-1.7411,2.021
2.432070,0.4150,-0.7704,-1.9721,2.157
2.437367,0.2232,-0.7049,-2.1588,2.282
2.441822,0.0691,-0.6040,-2.3495,2.427
2.446988,-0.0856,-0.5003,-2.4826,2.534
2.453104,-0.2101,-0.4101,-2.5990,2.640
2.457598,-0.3458,-0.3495,-2.6440,2.689
2.461598,-0.4379,-0.2654,-2.5870,2.637
2.468967,-0.5227,-0.2099,-2.4929,2.556
2.474058,-0.5838,-0.1689,-2.3210,2.399
2.477257,-0.5850,-0.1662,-2.1025,2.189
2.482728,-0.5309,-0.1803,-1.8949,1.976
2.488915,-0.3645,-0.2714,-1.6645,1.725
2.493995,-0.2508,-0.3627,-1.4138,1.481
2.497799,-0.1343,-0.4404,-1.1664,1.254
2.502652,-0.0047,-0.5261,-0.9055,1.047
2.508223,0.1094,-0.5820,-0.7123,0.926
2.511481,0.1729,-0.6347,-0.5099,0.832
2.516859,0.2648,-0.6675,-0.2002,0.746
2.522697,0.3107,-0.6354,-0.0201,0.708
2.526284,0.3516,-0.5839,0.1455,0.697
2.532364,0.3351,-0.5201,0.2630,0.672
2.542346,0.3123,-0.3883,0.3515,0.610
2.544234,0.2956,-0.2500,0.4942,0.628
2.547312,0.2990,-0.0542,0.7338,0.794
2.552978,0.2955,0.0449,1.0551,1.097
2.571352,0.3278,0.1993,1.4073,1.459
2.573143,0.2919,0.4057,1.7704,1.840
2.574189,0.2761,0.6074,2.1178,2.220
2.576048,0.2600,0.7956,2.5066,2.643
2.577248,0.2471,1.0021,2.8557,3.036
2.582012,0.2098,1.1310,3.2273,3.426
2.588428,0.2330,1.2042,3.6600,3.860
2.591699,0.2670,1.1829,4.2118,4.383
2.596973,0.3797,1.1107,4.7583,4.901
2.601588,0.4930,0.9669,5.3197,5.429
2.608908,0.5887,0.7624,5.7415,5.822
2.614788,0.6789,0.5283,6.0420,6.103
2.621085,0.7240,0.2808,6.1717,6.220
2.624706,0.7524,0.0467,6.1222,6.168
2.627260,0.6891,-0.0847,5.9566,5.997
2.631635,0.6319,-0.1446,5.7207,5.757
2.637703,0.4203,-0.0702,5.3766,5.393
2.641876,0.2057,0.0971,4.9866,4.992
2.646935,0.0378,0.3367,4.6057,4.618
2.656800,-0.0564,0.5461,4.2620,4.297
2.658939,-0.0922,0.7697,3.9190,3.995
2.661330,-0.0798,0.9541,3.6024,3.727
2.666369,0.0371,1.0881,3.3089,3.483
2.676018,0.2508,1.2329,3.1237,3.368
2.677310,0.4710,1.3617,3.0103,3.337
2.683047,0.7102,1.5046,2.9510,3.388
2.688198,0.8823,1.6474,2.8713,3.426
2.692084,1.0301,1.8033,2.8477,3.525
2.698924,1.1368,1.9240,2.7722,3.561
2.702815,1.2844,2.0091,2.6069,3.533
2.708725,1.4234,2.0585,2.4596,3.509
2.711410,1.5595,2.0438,2.2420,3.411
2.717313,1.7061,1.9674,1.9476,3.252
2.722286,1.8691,1.8276,1.6340,3.083
2.726477,2.0215,1.6344,1.2875,2.901
2.732969,2.1120,1.4507,0.9181,2.722
2.738714,2.1399,1.2296,0.5525,2.529
2.742221,2.1466,0.9952,0.1358,2.370
2.746512,2.0255,0.8367,-0.2837,2.210
2.751575,1.9139,0.7384,-0.6749,2.160
2.758365,1.7363,0.6320,-1.1049,2.153
2.761175,1.4732,0.5754,-1.5137,2.189
2.766250,1.2382,0.5700,-1.8970,2.336
2.775501,1.0203,0.5693,-2.2428,2.529
2.777248,0.7954,0.5255,-2.5465,2.719
2.781472,0.6051,0.4782,-2.8705,2.972
2.794313,0.3953,0.3998,-3.0883,3.139
2.796702,0.2298,0.3141,-3.3245,3.347
2.798617,0.0950,0.2625,-3.4861,3.497
2.802287,-0.0258,0.1545,-3.5948,3.598
2.808415,-0.1968,0.1172,-3.6820,3.689
2.811873,-0.3492,0.0473,-3.6306,3.648
2.817050,-0.4491,-0.0314,-3.5770,3.605
2.824156,-0.4894,-0.1071,-3.5092,3.545
2.827240,-0.5460,-0.2182,-3.4154,3.466
2.832482,-0.5767,-0.3297,-3.3456,3.411
2.838115,-0.5903,-0.4535,-3.2041,3.289
2.842890,-0.6538,-0.5300,-3.2085,3.317
2.847024,-0.7380,-0.6409,-3.1723,3.319
2.852045,-0.8170,-0.7050,-3.1024,3.285
2.858128,-0.9287,-0.7491,-3.0827,3.306
2.861250,-0.9778,-0.7784,-3.0125,3.261
2.866361,-0.9955,-0.7881,-3.0043,3.262
2.872873,-1.0727,-0.8790,-2.9933,3.299
2.877181,-1.0585,-0.9096,-2.9247,3.241
2.881557,-1.0540,-0.9357,-2.9324,3.254
2.889415,-1.0496,-0.9811,-2.8823,3.221
2.892381,-1.0118,-0.9954,-2.8535,3.187
2.897676,-0.9837,-0.9596,-2.8388,3.154
2.901457,-1.0109,-0.9363,-2.7495,3.075
2.912115,-1.0003,-0.9183,-2.7245,3.044
2.913473,-0.9588,-0.8673,-2.6657,2.963
2.917874,-1.0031,-0.7998,-2.6138,2.912
2.923569,-1.0330,-0.7547,-2.5710,2.872
2.927706,-1.0631,-0.6553,-2.4656,2.764
2.932458,-1.0773,-0.5685,-2.3720,2.666
2.943679,-1.0767,-0.5016,-2.2685,2.561
2.946558,-1.0856,-0.4184,-2.1696,2.462
2.947689,-1.1074,-0.3256,-2.0852,2.383
2.951023,-1.0613,-0.2658,-1.9652,2.249
2.956365,-1.0388,-0.2032,-1.8072,2.094
2.961201,-0.9732,-0.1829,-1.6044,1.885
2.966345,-0.8816,-0.1667,-1.3542,1.624
2.971761,-0.7574,-0.0786,-1.0948,1.334
2.977013,-0.6414,-0.0428,-0.8024,1.028
2.981953,-0.5311,-0.0215,-0.4457,0.694
2.988809,-0.3349,-0.0098,-0.1348,0.361
2.991921,-0.0930,-0.0324,0.1740,0.200
2.996774,0.1244,-0.0849,0.4902,0.513
3.001564,0.2899,-0.1316,0.7114,0.779
3.007979,0.4337,-0.2064,0.8401,0.968
3.013191,0.4992,-0.2831,0.9339,1.096
3.016422,0.5568,-0.3064,0.9714,1.161
3.023015,0.5736,-0.2950,0.9736,1.168
3.026801,0.5496,-0.2486,1.0268,1.191
3.032099,0.4937,-0.1065,1.0106,1.130
3.040455,0.4746,0.0749,1.0467,1.152
3.042379,0.4435,0.2849,1.1270,1.244
3.046659,0.4354,0.4980,1.2415,1.407
3.051515,0.4424,0.7038,1.4229,1.648
3.056806,0.4401,0.9058,1.7444,2.014
3.062170,0.4377,1.1620,2.0765,2.419
3.066907,0.5117,1.3101,2.5409,2.904
3.072228,0.6555,1.3928,3.1639,3.518
3.078933,0.8032,1.3780,3.8143,4.134
3.081999,0.9220,1.2785,4.5074,4.775
3.088046,1.0792,1.1311,5.1771,5.408
3.091590,1.2503,0.8697,5.7882,5.985
3.096093,1.4227,0.6171,6.3489,6.536
3.101157,1.5269,0.3314,6.7452,6.924
3.106643,1.5727,0.0491,6.8968,7.074
3.111161,1.4683,-0.1783,6.8118,6.971
3.116411,1.2381,-0.2515,6.3572,6.481
3.121482,0.9103,-0.2522,5.8706,5.946
3.126500,0.5188,-0.1514,5.3546,5.382
3.131235,0.1307,0.0067,4.8802,4.882
3.137318,-0.2456,0.1280,4.4108,4.419
3.141783,-0.5380,0.2677,3.9472,3.993
3.146405,-0.6899,0.4230,3.5291,3.621
3.151682,-0.7622,0.5472,3.1268,3.265
3.159941,-0.6763,0.6917,2.7684,2.933
3.162543,-0.5111,0.7541,2.5372,2.696
3.166478,-0.3058,0.7319,2.3829,2.511
3.182344,-0.0083,0.6943,2.2841,2.387
3.185088,0.2843,0.6024,2.2268,2.324
3.189531,0.5334,0.4605,2.1347,2.248
3.191486,0.6681,0.3134,2.0370,2.167
3.192582,0.6990,0.1916,1.8839,2.018
3.196191,0.6289,0.1354,1.7162,1.833
3.202864,0.4506,0.1159,1.4790,1.550
3.206186,0.2380,0.1641,1.2754,1.308
3.212481,0.0217,0.1794,1.0550,1.070
3.218815,-0.1824,0.1762,0.8225,0.861
3.223424,-0.3464,0.1613,0.5567,0.675
3.226085,-0.4533,0.1300,0.3509,0.588
3.232274,-0.4868,0.0125,0.1358,0.506
3.237372,-0.4547,-0.1385,-0.0814,0.482
3.242495,-0.3597,-0.2969,-0.2623,0.535
3.246513,-0.2501,-0.4601,-0.5195,0.738
3.251041,-0.1525,-0.6592,-0.7477,1.008
3.257386,-0.0889,-0.7528,-0.9375,1.206
3.264096,-0.0664,-0.8580,-1.1704,1.453
3.266290,-0.0321,-0.9077,-1.3747,1.648
3.274812,-0.0116,-0.9279,-1.5696,1.823
3.276149,0.0122,-0.9667,-1.7192,1.972
3.282649,-0.0177,-0.9996,-1.8525,2.105
3.286290,-0.0673,-1.0774,-2.0027,2.275
3.292749,-0.0505,-1.0731,-2.0717,2.334
3.295901,-0.0391,-1.1088,-2.1147,2.388
3.302125,0.0097,-1.1681,-2.1794,2.473
3.308320,0.0574,-1.1743,-2.1604,2.460
3.311463,0.1279,-1.2209,-2.2230,2.539
3.316997,0.1513,-1.2577,-2.2044,2.542
3.321781,0.1565,-1.2489,-2.1476,2.489
3.326850,0.1412,-1.2450,-2.1745,2.510
3.331169,0.1867,-1.2127,-2.0793,2.414
3.338457,0.1590,-1.1784,-2.0749,2.391
3.341489,0.1351,-1.1756,-2.0775,2.391
3.346157,0.1276,-1.1541,-2.0295,2.338
3.351353,0.1149,-1.1308,-1.9885,2.290
3.356928,0.1069,-1.1514,-1.9303,2.250
3.361227,0.0579,-1.1131,-1.8287,2.142
3.366816,-0.0012,-1.0423,-1.7553,2.041
3.375862,-0.0867,-0.9702,-1.7125,1.970
3.377916,-0.1553,-0.9087,-1.7243,1.955
3.381890,-0.2300,-0.8293,-1.7210,1.924
3.398294,-0.2625,-0.7605,-1.7052,1.886
3.399687,-0.2642,-0.7216,-1.6554,1.825
3.401080,-0.2992,-0.6909,-1.6457,1.810
3.402925,-0.3177,-0.6634,-1.5519,1.717
3.408324,-0.2986,-0.6126,-1.4530,1.605
3.411570,-0.2665,-0.5500,-1.3351,1.468
3.417029,-0.2107,-0.4948,-1.1719,1.289
3.421956,-0.1478,-0.4299,-0.9826,1.083
3.427312,-0.0418,-0.3169,-0.8798,0.936
3.431742,0.0240,-0.2757,-0.7174,0.769
3.436223,0.1198,-0.2009,-0.5337,0.583
3.441214,0.2223,-0.1859,-0.3765,0.475
3.445845,0.3439,-0.2265,-0.2576,0.486
3.450606,0.4106,-0.2768,-0.1483,0.517
3.456642,0.4463,-0.3492,-0.0842,0.573
3.460831,0.4772,-0.4222,-0.0246,0.638
3.466531,0.4624,-0.5101,-0.0771,0.693
3.472045,0.4113,-0.5316,-0.1054,0.680
3.476718,0.3026,-0.5516,-0.1355,0.644
3.481389,0.1555,-0.5703,-0.1865,0.620
3.487108,0.0393,-0.5660,-0.2106,0.605
3.492624,-0.0724,-0.5606,-0.3009,0.640
3.496860,-0.2421,-0.5307,-0.3734,0.693
3.501119,-0.3791,-0.5384,-0.4904,0.821
3.508936,-0.5055,-0.4950,-0.5943,0.924
3.514603,-0.5472,-0.4892,-0.7665,1.061
3.516486,-0.5937,-0.4297,-0.8970,1.158
3.530665,-0.5876,-0.3879,-1.0388,1.255
3.532070,-0.5221,-0.3489,-1.2280,1.379
3.533268,-0.4643,-0.3176,-1.3448,1.458
3.540494,-0.3809,-0.2453,-1.3804,1.453
3.543277,-0.2818,-0.2224,-1.4641,1.507
3.546648,-0.2414,-0.1310,-1.5127,1.537
3.551458,-0.1996,-0.0209,-1.4738,1.487
3.555705,-0.1830,0.1442,-1.3622,1.382
3.560954,-0.1703,0.3070,-1.2331,1.282
3.566616,-0.0851,0.4583,-1.0987,1.193
3.571646,-0.0068,0.5844,-0.7967,0.988
3.576344,0.1073,0.6906,-0.4975,0.858
3.580625,0.2862,0.7460,-0.1844,0.820
3.587851,0.4014,0.7606,0.2213,0.888
3.593634,0.4779,0.8179,0.6887,1.171
3.597143,0.5217,0.8790,1.2180,1.590
3.603200,0.5960,0.8640,1.7476,2.039
3.607308,0.6031,0.8627,2.2566,2.490
3.610917,0.6249,0.8385,2.7695,2.960
3.616502,0.6705,0.8071,3.1313,3.302
3.623896,0.7183,0.7107,3.4261,3.572
3.630154,0.7704,0.6111,3.6734,3.803
3.632682,0.8386,0.5441,3.7920,3.922
3.648282,0.9865,0.4783,3.8491,4.002
3.649581,1.1037,0.3877,3.8351,4.010
3.650332,1.2617,0.2982,3.7429,3.961
3.651034,1.4152,0.2290,3.6087,3.883
3.660574,1.5363,0.2066,3.4203,3.755
3.662672,1.6113,0.2356,3.1756,3.569
3.666284,1.6525,0.2704,2.9464,3.389
3.670978,1.5693,0.3327,2.6562,3.103
3.676281,1.4000,0.4872,2.4053,2.825
3.680659,1.1655,0.6577,2.1457,2.529
3.686116,0.9864,0.8231,1.8986,2.292
3.690804,0.7637,0.9959,1.7760,2.175
3.695258,0.5765,1.1790,1.6505,2.109
3.699822,0.4141,1.3033,1.5363,2.057
3.708355,0.2512,1.3089,1.4358,1.959
3.711628,0.1999,1.2411,1.3871,1.872
3.716632,0.2454,1.1999,1.3738,1.840
3.723603,0.3996,1.0771,1.3076,1.741
3.726666,0.5748,0.8721,1.2271,1.611
3.731566,0.6952,0.5774,1.2094,1.510
3.737712,0.7642,0.3290,1.1636,1.430
3.740634,0.8163,0.1815,0.9967,1.301
3.746181,0.8688,0.0751,0.7951,1.180
3.752535,0.9153,-0.0335,0.5542,1.071
3.758670,0.8918,-0.0534,0.3290,0.952
3.760766,0.9164,-0.0541,0.1005,0.923
3.767046,0.9052,-0.0810,-0.1673,0.924
3.776627,0.8633,-0.0980,-0.4552,0.981
3.778775,0.8479,-0.1042,-0.6920,1.099
3.787292,0.8081,-0.1282,-0.9207,1.232
3.790343,0.7843,-0.1219,-1.1464,1.394
3.792690,0.7978,-0.1564,-1.3574,1.582
3.797481,0.7625,-0.1666,-1.5301,1.718
3.800761,0.8022,-0.1572,-1.6621,1.852
3.808135,0.7956,-0.1661,-1.8063,1.981
3.811161,0.7959,-0.1624,-1.9028,2.069
3.816069,0.7960,-0.1892,-1.9779,2.140
3.823424,0.7633,-0.2104,-1.9886,2.140
3.826645,0.7794,-0.1999,-2.0425,2.195
3.831273,0.7083,-0.2151,-2.0846,2.212
3.837221,0.6888,-0.2393,-2.0909,2.214
3.841968,0.6088,-0.2366,-2.1763,2.272
3.845511,0.5572,-0.2764,-2.2450,2.330
3.850286,0.4935,-0.3084,-2.3473,2.418
3.855943,0.3793,-0.3256,-2.4472,2.498
3.860852,0.2721,-0.3449,-2.5374,2.575
3.865346,0.1715,-0.3475,-2.6131,2.642
3.870417,0.0436,-0.3500,-2.6838,2.707
3.875803,-0.0670,-0.3716,-2.7306,2.757
3.881043,-0.2205,-0.3741,-2.8060,2.839
3.887932,-0.3532,-0.3501,-2.7906,2.835
3.891382,-0.4824,-0.3761,-2.8016,2.868
3.895775,-0.5702,-0.3730,-2.7674,2.850
3.901320,-0.6670,-0.3120,-2.6379,2.739
3.907453,-0.7995,-0.3442,-2.5637,2.707
3.910490,-0.8432,-0.3501,-2.4226,2.589
3.915625,-0.8672,-0.4135,-2.2841,2.478
3.925331,-0.8684,-0.4009,-2.1622,2.364
3.927096,-0.8321,-0.4157,-2.0255,2.229
3.933213,-0.7741,-0.4722,-1.9315,2.134
3.940359,-0.7583,-0.5159,-1.8559,2.070
3.941498,-0.7508,-0.5876,-1.7914,2.029
3.946381,-0.7515,-0.6063,-1.7857,2.030
3.950823,-0.7218,-0.6604,-1.7335,1.991
3.956552,-0.7431,-0.6608,-1.7548,2.017
3.961287,-0.7317,-0.6867,-1.7801,2.043
3.965126,-0.7310,-0.6372,-1.7569,2.007
3.972486,-0.7914,-0.5885,-1.7333,1.994
3.975797,-0.8319,-0.5451,-1.7405,2.005
3.980383,-0.9293,-0.4711,-1.6662,1.965
3.987476,-0.9949,-0.3687,-1.5751,1.899
3.991186,-1.0316,-0.2904,-1.5055,1.848
3.995941,-0.9749,-0.2293,-1.4071,1.727
4.000691,-0.9065,-0.2019,-1.2633,1.568
4.007208,-0.7860,-0.1482,-1.1340,1.388
4.010696,-0.6417,-0.0825,-0.9977,1.189
4.015477,-0.4546,-0.0596,-0.8880,0.999
4.021691,-0.2146,-0.0579,-0.7188,0.752
4.026489,-0.0385,-0.0774,-0.5571,0.564
4.030471,0.2393,-0.1037,-0.4101,0.486
4.041022,0.4425,-0.1273,-0.2347,0.517
4.043680,0.6338,-0.1533,-0.0763,0.657
4.067176,0.8112,-0.1842,0.0606,0.834
4.068637,0.9606,-0.2393,0.2094,1.012
4.070464,1.0295,-0.2998,0.3154,1.118
4.072455,1.0440,-0.3250,0.3907,1.161
4.074600,1.0495,-0.3293,0.3346,1.150
4.076526,0.9675,-0.3248,0.2385,1.048
4.077774,0.8051,-0.3018,0.1837,0.879
4.080540,0.6460,-0.2384,0.1292,0.701
4.088874,0.5186,-0.1918,0.0270,0.554
4.090892,0.3720,-0.1637,-0.0082,0.407
4.096267,0.2438,-0.1103,-0.0703,0.277
4.100915,0.1304,-0.0546,-0.0952,0.170
4.106404,0.0387,0.0085,0.0243,0.046
4.110956,-0.1163,0.0582,0.1396,0.191
4.116218,-0.2828,0.1404,0.3650,0.483
4.121096,-0.3800,0.2765,0.6835,0.829
4.125586,-0.4754,0.3925,1.0305,1.201
4.129753,-0.5762,0.4856,1.5065,1.684
4.135011,-0.5726,0.6035,2.0182,2.183
4.139880,-0.5649,0.7313,2.5969,2.756
4.144905,-0.5361,0.7486,3.1999,3.330
4.150127,-0.4216,0.7218,3.7798,3.871
4.155024,-0.2876,0.6836,4.3300,4.393
4.159999,-0.1856,0.5732,4.8368,4.874
4.166223,-0.0734,0.4466,5.1862,5.206
4.172558,-0.0519,0.3769,5.3266,5.340
4.174762,-0.1353,0.3562,5.3425,5.356
4.182682,-0.3290,0.4339,5.1842,5.213
4.191983,-0.5662,0.5528,4.9665,5.029
4.193826,-0.8872,0.7121,4.6338,4.771
4.195907,-1.1461,0.8895,4.3428,4.579
4.200124,-1.3436,1.1319,4.0302,4.397
4.206313,-1.4797,1.3543,3.7864,4.285
4.210135,-1.4976,1.5693,3.5102,4.126
4.215433,-1.3833,1.7032,3.3282,3.986
4.223024,-1.1037,1.7398,3.3070,3.896
4.228392,-0.7119,1.6861,3.3364,3.805
4.230988,-0.2983,1.5972,3.4333,3.798
4.237191,0.1089,1.4917,3.5285,3.832
4.239846,0.4964,1.3523,3.6200,3.896
4.244949,0.8251,1.2455,3.6867,3.978
4.250186,1.0722,1.1036,3.6742,3.983
4.261977,1.1601,0.9811,3.6355,3.940
4.263142,1.1927,0.8750,3.5185,3.817
4.266673,1.1372,0.7395,3.3090,3.576
4.272951,0.9989,0.6225,3.0719,3.290
4.276271,0.7635,0.5454,2.7881,2.942
4.281181,0.5502,0.4669,2.4507,2.555
4.288763,0.2895,0.4014,2.0262,2.086
4.291022,0.0450,0.3298,1.6080,1.642
4.297670,-0.1459,0.2810,1.1887,1.230
4.304047,-0.2886,0.1927,0.8041,0.876
4.305175,-0.4172,0.1056,0.4039,0.590
4.311394,-0.4866,0.0751,-0.0216,0.493
4.314640,-0.5283,0.0225,-0.4177,0.674
4.323868,-0.5544,-0.0399,-0.7917,0.967
4.325978,-0.6299,-0.0043,-1.1485,1.310
4.330377,-0.6162,0.0195,-1.5028,1.624
4.343541,-0.5782,-0.0137,-1.8164,1.906
4.346396,-0.4966,0.0159,-2.0726,2.131
4.347643,-0.3956,0.0173,-2.3554,2.388
4.349969,-0.2540,0.0170,-2.5092,2.522
4.357513,-0.0917,0.0272,-2.6685,2.670
4.359910,0.0814,0.0458,-2.7830,2.785
4.368142,0.2509,0.0439,-2.8195,2.831
4.370605,0.4288,0.0072,-2.8209,2.853
4.374577,0.5886,-0.0284,-2.8447,2.905
4.380809,0.7523,-0.0365,-2.7928,2.893
4.386173,0.8648,-0.0631,-2.6795,2.816
4.389869,0.9621,-0.0604,-2.5429,2.720
4.394368,1.0637,-0.1004,-2.3926,2.620
4.399187,1.1364,-0.1406,-2.2305,2.507
4.404665,1.1931,-0.1695,-2.0515,2.379
4.409461,1.2076,-0.2019,-1.8915,2.253
4.415046,1.2503,-0.2360,-1.7140,2.135
4.421624,1.2184,-0.2937,-1.5739,2.012
4.425141,1.2106,-0.3397,-1.3967,1.879
4.429882,1.2026,-0.3792,-1.2852,1.800
4.438151,1.2139,-0.4318,-1.2079,1.766
4.440302,1.2043,-0.5191,-1.1552,1.748
4.445834,1.2220,-0.5792,-1.1531,1.777
4.450398,1.2125,-0.6504,-1.2326,1.847
4.457494,1.2188,-0.7087,-1.3100,1.925
4.460680,1.2246,-0.8133,-1.4262,2.048
4.465902,1.2223,-0.9185,-1.5836,2.201
4.481632,1.1691,-1.0000,-1.7513,2.331
4.483625,1.1033,-1.0332,-1.9821,2.493
4.486544,1.0677,-1.0464,-2.2237,2.680
4.488782,0.9356,-1.0364,-2.4046,2.781
4.492657,0.8623,-0.9792,-2.5537,2.868
4.496045,0.7237,-0.9125,-2.6379,2.884
4.501596,0.5556,-0.8506,-2.7218,2.905
4.506959,0.4562,-0.7980,-2.7601,2.909
4.511418,0.3699,-0.7617,-2.8080,2.933
4.514402,0.2532,-0.7535,-2.8489,2.958
4.520375,0.2182,-0.7422,-2.8708,2.973
4.525250,0.1543,-0.7323,-2.8119,2.910
4.530020,0.0900,-0.7163,-2.7824,2.875
4.536743,0.0127,-0.6966,-2.7225,2.810
4.540731,-0.0346,-0.6921,-2.6538,2.743
4.545235,-0.0618,-0.6669,-2.5144,2.602
4.551089,-0.0447,-0.6235,-2.3162,2.399
4.556316,-0.0384,-0.6243,-2.1213,2.212
4.560405,0.0294,-0.6121,-1.8602,1.959
4.565147,0.1089,-0.6634,-1.6501,1.782
4.575224,0.1692,-0.6595,-1.4141,1.569
4.577029,0.2301,-0.6767,-1.1785,1.378
4.580850,0.2652,-0.6457,-0.9936,1.214
4.596857,0.2442,-0.6313,-0.9213,1.143
4.599013,0.2226,-0.5377,-0.7702,0.965
4.600002,0.1601,-0.4748,-0.5717,0.760
4.600621,0.1165,-0.3727,-0.4169,0.571
4.609360,0.0383,-0.3102,-0.2318,0.389
4.612100,-0.0728,-0.2699,-0.0216,0.280
4.615614,-0.1933,-0.1964,0.2230,0.355
4.620447,-0.3214,-0.1037,0.4706,0.579
4.626178,-0.4402,0.0131,0.7189,0.843
4.629746,-0.5805,0.1779,0.9772,1.151
4.634406,-0.7608,0.3501,1.2840,1.533
4.640745,-0.9498,0.5105,1.6103,1.938
4.645578,-1.0327,0.6207,2.0305,2.361
4.652577,-1.0555,0.7429,2.5611,2.868
4.665778,-1.0500,0.8122,3.0708,3.345
4.675134,-1.0300,0.8786,3.4880,3.741
4.677233,-1.0156,0.9935,3.8994,4.150
4.679199,-1.0534,1.1082,4.2412,4.508
4.680435,-1.0851,1.2053,4.6788,4.952
4.681381,-1.1104,1.2769,5.0164,5.294
4.687318,-1.1318,1.3035,5.1873,5.467
4.689763,-1.0756,1.2775,5.2996,5.557
4.695558,-1.0017,1.2087,5.3390,5.565
4.701147,-0.9411,1.0946,5.2315,5.427
4.705328,-0.8483,1.0093,5.0707,5.239
4.710754,-0.8095,0.9192,4.8519,5.004
4.715025,-0.7596,0.8410,4.5872,4.725
4.719095,-0.7705,0.7845,4.2622,4.402
4.724713,-0.8069,0.8338,3.9246,4.093
4.729556,-0.8469,0.8765,3.5649,3.767
4.734227,-0.9533,0.9684,3.1922,3.469
4.740173,-0.9998,1.0190,2.8518,3.189
4.744794,-1.0211,1.0405,2.5101,2.903
4.750262,-1.0098,1.0332,2.1429,2.584
4.757779,-1.0101,0.9283,1.7620,2.233
4.761788,-0.9747,0.7217,1.3933,1.847
4.765953,-0.8283,0.6848,1.0505,1.503
4.778960,-0.5673,0.6650,0.7259,1.136
4.780064,-0.3583,0.6486,0.4188,0.851
4.780506,-0.3122,0.4689,0.0401,0.565
4.787565,-0.2862,0.3279,-0.1496,0.460
4.789491,-0.2517,0.2640,-0.2585,0.447
4.794780,-0.1523,0.2581,-0.2939,0.420
4.799273,-0.0320,0.2069,-0.2775,0.348
4.805439,0.1047,0.1797,-0.1877,0.280
4.810106,0.1985,0.1112,-0.0097,0.228
4.814377,0.3146,0.0318,0.1971,0.373
4.821240,0.3767,0.0068,0.4264,0.569
4.825183,0.4503,0.0047,0.6139,0.761
4.829887,0.5116,0.0596,0.8443,0.989
4.836079,0.4655,0.0837,0.9892,1.096
4.840283,0.4628,0.1916,1.1039,1.212
4.845044,0.5778,0.2214,1.1627,1.317
4.850990,0.6980,0.2323,1.1590,1.373
4.856332,0.8213,0.2046,1.1003,1.388
4.860109,0.9864,0.2101,0.9100,1.358
4.864763,1.0862,0.2057,0.6745,1.295
4.872894,1.2458,0.1721,0.4060,1.322
4.875025,1.4431,0.0716,0.0994,1.448
4.879932,1.5728,0.0223,-0.1930,1.585
4.888505,1.6873,-0.0397,-0.4789,1.754
4.890371,1.7480,-0.1188,-0.8302,1.939
4.895388,1.7957,-0.1165,-1.1489,2.135
4.900395,1.7996,-0.0997,-1.4352,2.304
4.909483,1.7959,-0.1185,-1.6962,2.473
4.911538,1.7658,-0.1513,-1.9008,2.599
4.915568,1.7381,-0.1884,-2.1640,2.782
4.929400,1.6988,-0.2199,-2.4044,2.952
4.930583,1.6313,-0.2722,-2.6006,3.082
4.931266,1.5762,-0.2685,-2.8267,3.248
4.935726,1.4999,-0.2638,-2.9346,3.306
4.940376,1.4213,-0.2819,-3.0727,3.397
4.945230,1.3378,-0.3178,-3.2076,3.490
4.951090,1.2823,-0.3517,-3.3349,3.590
4.957174,1.2329,-0.3449,-3.3617,3.597
4.960521,1.1298,-0.3733,-3.4533,3.653
4.964765,1.0325,-0.3555,-3.4543,3.623
4.970159,0.9868,-0.3274,-3.4175,3.572
4.975176,0.9279,-0.3055,-3.3047,3.446
4.979691,0.8727,-0.3469,-3.1688,3.305
4.985115,0.8739,-0.3994,-3.0383,3.187
4.992238,0.9222,-0.4987,-2.9204,3.103
4.995365,0.9919,-0.6351,-2.7768,3.016
5.000566,1.0735,-0.7847,-2.5858,2.908
5.012216,1.1390,-0.9168,-2.4575,2.860
5.017241,1.1938,-1.0359,-2.3439,2.827
5.023605,1.2457,-1.1519,-2.2473,2.816
5.025579,1.2255,-1.2171,-2.1579,2.764
5.026419,1.1272,-1.2819,-2.0613,2.676
5.039378,1.0418,-1.3415,-1.9337,2.574
5.041554,0.8834,-1.3509,-1.8250,2.436
5.043564,0.7164,-1.3559,-1.7494,2.326
5.046829,0.5074,-1.3636,-1.7547,2.279
5.050850,0.3737,-1.3405,-1.7739,2.255
5.055832,0.2167,-1.3060,-1.7829,2.221
5.060708,0.0604,-1.2574,-1.8298,2.221
5.065303,-0.0334,-1.1829,-1.8236,2.174
5.070620,-0.1512,-1.1230,-1.8650,2.182
5.076307,-0.2288,-1.0681,-1.8532,2.151
5.079950,-0.2451,-1.0015,-1.8269,2.098
5.086372,-0.2222,-0.9112,-1.8674,2.090
5.091729,-0.1700,-0.8619,-1.8739,2.070
5.094868,-0.1274,-0.8415,-1.8947,2.077
5.100794,-0.0106,-0.7971,-1.9488,2.106
5.105512,0.0796,-0.7284,-2.0055,2.135
5.110606,0.1745,-0.6497,-2.0049,2.115
5.115373,0.2928,-0.5747,-1.9882,2.090
5.120295,0.3818,-0.4527,-1.9032,1.993
5.128044,0.4583,-0.3339,-1.7929,1.880
5.136950,0.5075,-0.2109,-1.6243,1.715
5.139484,0.5272,-0.0594,-1.4405,1.535
5.141055,0.4958,0.0798,-1.1460,1.251
5.154700,0.4139,0.2471,-0.8197,0.951
5.156296,0.3244,0.3901,-0.4975,0.711
5.158678,0.1965,0.5252,-0.1672,0.585
5.159763,0.0713,0.7333,0.1521,0.752
5.164976,-0.2062,0.9475,0.4775,1.081
5.170147,-0.5067,1.1342,0.8255,1.492
5.175775,-0.8281,1.3892,1.1889,2.007
5.180355,-1.2307,1.6144,1.5988,2.584
5.184405,-1.6054,1.8027,1.9806,3.122
5.190222,-1.8483,1.9326,2.4134,3.602
5.194769,-1.9367,2.0064,2.7940,3.948
5.199223,-1.8927,1.9453,3.1775,4.179
5.207178,-1.6788,1.7545,3.4730,4.238
5.210225,-1.3645,1.4889,3.7593,4.267
5.214083,-0.9377,1.1297,4.1204,4.374
5.221684,-0.4627,0.7125,4.4870,4.567
5.225224,-0.0028,0.2990,4.8428,4.852
5.230276,0.3693,-0.0709,5.0523,5.066
5.235247,0.5942,-0.3503,5.1212,5.167
5.239463,0.6125,-0.5256,5.1006,5.164
5.245002,0.4460,-0.5381,5.0320,5.080
5.249779,0.0916,-0.3745,4.8133,4.829
5.256604,-0.3717,-0.1187,4.5643,4.581
5.258991,-0.8492,0.1645,4.3063,4.392
5.264243,-1.2719,0.4924,4.0292,4.254
5.283160,-1.6308,0.7463,3.7346,4.143
5.284580,-1.8857,1.0013,3.4120,4.025
5.285358,-2.0217,1.2321,3.1015,3.902
5.286145,-2.0397,1.4271,2.8766,3.804
5.289853,-1.9525,1.5365,2.6559,3.637
5.295477,-1.7508,1.5846,2.4987,3.438
5.299698,-1.4685,1.5576,2.3545,3.182
5.305480,-1.1101,1.4583,2.2854,2.929
5.309368,-0.7729,1.3516,2.2697,2.752
5.313841,-0.4175,1.2063,2.2310,2.570
5.320507,-0.1095,1.0532,2.2320,2.470
5.324736,0.1568,0.9208,2.2561,2.442
5.328777,0.3297,0.7826,2.2676,2.421
5.334400,0.4434,0.6237,2.3100,2.433
5.339171,0.4595,0.5636,2.2996,2.412
5.343740,0.4406,0.4847,2.3203,2.411
5.348557,0.3679,0.4514,2.2431,2.317
5.356021,0.2704,0.4201,2.1425,2.200
5.359274,0.1718,0.3693,2.0855,2.125
5.375228,0.0556,0.3247,1.9815,2.009
5.376417,-0.0374,0.2623,1.7900,1.809
5.378185,-0.0615,0.1359,1.6166,1.624
5.379573,-0.0717,-0.0018,1.3085,1.311
5.385398,-0.0559,-0.1370,1.0143,1.025
5.391158,-0.0258,-0.2888,0.6192,0.684
5.394720,-0.0101,-0.4141,0.2237,0.471
5.399251,0.0462,-0.5246,-0.1962,0.562
5.414762,0.1043,-0.6606,-0.6121,0.907
5.416164,0.1466,-0.7832,-1.0147,1.290
5.417197,0.1441,-0.8511,-1.4357,1.675
5.420242,0.1771,-0.8806,-1.8179,2.028
5.424999,0.1567,-0.9120,-2.1283,2.321
5.430147,0.1450,-0.9210,-2.3598,2.537
5.434613,0.1106,-0.9100,-2.5750,2.733
5.439538,0.0773,-0.9121,-2.6974,2.849
5.444727,-0.0175,-0.9202,-2.7631,2.912
5.449022,-0.0591,-0.9130,-2.7291,2.878
5.453740,-0.1387,-0.9170,-2.6886,2.844
5.459729,-0.1869,-0.9138,-2.6246,2.785
5.463879,-0.1850,-0.9420,-2.4914,2.670
5.469232,-0.2122,-1.0208,-2.3799,2.598
5.475032,-0.2181,-1.0408,-2.3115,2.544
5.479436,-0.2622,-1.0595,-2.2499,2.501
5.485051,-0.2514,-1.0676,-2.1377,2.403
5.491834,-0.2286,-1.0842,-2.0466,2.327
5.495156,-0.2055,-1.0642,-1.9550,2.235
5.499054,-0.2033,-1.0458,-1.8508,2.136
5.505060,-0.1450,-1.0461,-1.7793,2.069
5.509827,-0.0714,-1.0411,-1.7475,2.035
5.514444,0.0427,-1.0378,-1.7196,2.009
5.525005,0.1948,-1.0530,-1.7314,2.036
5.527415,0.3547,-1.0051,-1.7780,2.073
5.529943,0.4966,-0.9751,-1.9050,2.197
5.534394,0.6096,-0.9769,-2.0072,2.314
5.545695,0.7273,-0.9697,-2.0849,2.412
5.547978,0.8476,-0.9383,-2.2172,2.552
5.550324,0.8988,-0.8774,-2.3281,2.645
5.554843,0.9310,-0.8708,-2.4748,2.784
5.560632,0.9870,-0.8269,-2.5693,2.874
5.563932,0.9758,-0.8030,-2.6955,2.977
5.570000,0.9210,-0.7459,-2.7795,3.022
5.574752,0.8919,-0.6941,-2.8619,3.077
5.579014,0.8334,-0.6475,-2.8927,3.079
5.584566,0.7452,-0.6181,-2.8862,3.044
5.589946,0.6652,-0.5870,-2.8232,2.959
5.594620,0.5956,-0.5424,-2.8137,2.927
5.599401,0.5246,-0.5089,-2.7354,2.831
5.605103,0.4498,-0.4722,-2.7341,2.811
5.613308,0.3954,-0.4353,-2.7161,2.779
5.615762,0.3205,-0.4030,-2.6144,2.665
5.624300,0.2629,-0.3447,-2.6204,2.656
5.626053,0.2034,-0.2557,-2.6141,2.634
5.629040,0.1898,-0.1238,-2.5886,2.599
5.634003,0.1621,-0.0257,-2.6276,2.633
5.640225,0.1015,0.0316,-2.6235,2.626
5.644171,0.0509,0.1250,-2.6410,2.644
5.650273,0.0487,0.2548,-2.5919,2.605
5.655993,0.0514,0.3447,-2.5122,2.536
5.660106,0.0373,0.3879,-2.4142,2.445
5.664737,0.0394,0.4973,-2.2361,2.291
5.669436,0.1006,0.5489,-2.0140,2.090
5.674633,0.1723,0.6381,-1.8244,1.940
5.679039,0.2430,0.6912,-1.6173,1.775
5.684143,0.3060,0.7181,-1.3904,1.594
5.689757,0.3254,0.7021,-1.1199,1.361
5.693900,0.2803,0.6935,-0.8271,1.115
5.699884,0.2378,0.7115,-0.4645,0.882
5.708387,0.1549,0.7033,-0.0319,0.721
5.710232,0.0100,0.6660,0.4637,0.812
5.716833,-0.1231,0.6874,0.9342,1.166
5.735089,-0.2727,0.6790,1.4225,1.600
5.736475,-0.4915,0.7385,1.8646,2.065
5.739710,-0.6379,0.8268,2.2821,2.510
5.741475,-0.7620,0.9154,2.6489,2.904
5.742861,-0.8855,1.0135,3.0441,3.328
5.745984,-0.8816,1.1690,3.3959,3.698
5.749029,-0.8485,1.2859,3.7188,4.025
5.755588,-0.7740,1.4202,3.9574,4.275
5.759665,-0.6744,1.5094,4.2173,4.530
5.763422,-0.5067,1.5676,4.5129,4.804
5.770364,-0.2735,1.6262,4.8105,5.085
5.774147,0.0630,1.5678,5.0744,5.311
5.778979,0.4784,1.3921,5.3503,5.549
5.785217,0.9221,1.1011,5.5522,5.735
5.789723,1.3157,0.7687,5.7259,5.925
5.794838,1.6103,0.4016,5.7667,6.001
5.799462,1.7550,0.1614,5.6802,5.947
5.804552,1.7209,0.0065,5.4957,5.759
5.809612,1.4882,-0.0175,5.1514,5.362
5.814143,1.1196,0.0534,4.8076,4.937
5.821984,0.7161,0.1295,4.4087,4.468
5.824885,0.3090,0.1886,3.9417,3.958
5.829409,-0.0592,0.2584,3.4534,3.464
5.834769,-0.3279,0.2974,3.0268,3.059
5.839010,-0.5561,0.2872,2.6874,2.759
5.843788,-0.6579,0.2233,2.5019,2.597
5.848937,-0.6914,0.1510,2.3818,2.485
5.858681,-0.6664,0.0647,2.3894,2.481
5.860383,-0.6040,-0.0790,2.3814,2.458
5.865010,-0.4707,-0.1784,2.4060,2.458
5.880909,-0.3285,-0.2872,2.3777,2.417
5.882109,-0.2608,-0.3492,2.3186,2.359
5.882823,-0.1384,-0.3552,2.2600,2.292
5.885756,-0.0568,-0.2418,2.1592,2.173
5.892467,-0.0141,-0.0936,2.0022,2.004
5.893934,0.0135,0.1038,1.8391,1.842
5.899218,0.0875,0.3119,1.6531,1.685
5.904051,0.2001,0.5141,1.4990,1.597
5.909944,0.3292,0.7272,1.2906,1.517
5.913756,0.5221,0.8846,1.0993,1.505
5.918827,0.7454,1.0583,0.9396,1.600
5.924111,0.9420,1.1933,0.8353,1.735
5.929157,1.1581,1.2512,0.6742,1.833
5.933882,1.3750,1.3326,0.5880,2.003
5.939554,1.5385,1.3608,0.3951,2.092
5.944041,1.6832,1.3669,0.2010,2.178
5.949026,1.8024,1.3775,-0.0541,2.269
5.955257,1.8710,1.3715,-0.3437,2.345
5.959592,1.9116,1.3231,-0.6558,2.416
5.965377,1.9271,1.2570,-0.9907,2.505
5.972201,1.8723,1.1689,-1.2817,2.552
5.975010,1.7974,1.0621,-1.6318,2.650
5.979122,1.6883,0.9970,-1.9266,2.749
5.983989,1.5110,0.8568,-2.1902,2.795
5.992334,1.3110,0.6970,-2.4110,2.831
5.998276,1.0572,0.5536,-2.5723,2.836
6.000341,0.8146,0.4006,-2.6480,2.799
6.014611,0.5655,0.3048,-2.6957,2.771
6.016116,0.3482,0.1653,-2.6507,2.679
6.016936,0.1599,0.0275,-2.5681,2.573
6.020165,-0.0455,-0.0183,-2.4835,2.484
6.024122,-0.2656,-0.1330,-2.4591,2.477
6.029708,-0.3737,-0.2217,-2.3246,2.365
6.033412,-0.4631,-0.3064,-2.2735,2.340
6.038924,-0.5434,-0.3832,-2.2051,2.303
6.044080,-0.5668,-0.5024,-2.2100,2.336
6.048850,-0.5763,-0.6214,-2.2259,2.382
6.055473,-0.5622,-0.7286,-2.1999,2.385
6.059093,-0.5249,-0.8266,-2.3305,2.528
6.063800,-0.4979,-0.9297,-2.4215,2.641
6.068978,-0.4376,-1.0281,-2.5111,2.748
6.075381,-0.4091,-1.0838,-2.6088,2.854
6.079234,-0.3521,-1.1705,-2.7651,3.023
6.084265,-0.3142,-1.2089,-2.8986,3.156
6.095845,-0.3122,-1.2653,-3.0670,3.332
6.099134,-0.2671,-1.3396,-3.1867,3.467
6.102153,-0.2460,-1.4092,-3.3394,3.633
6.105652,-0.2555,-1.4639,-3.4370,3.745
6.122469,-0.1977,-1.4916,-3.5489,3.855
6.125529,-0.1774,-1.5275,-3.6013,3.916
6.127236,-0.1916,-1.5570,-3.6182,3.944
6.128898,-0.2210,-1.5726,-3.5520,3.891
6.130471,-0.2342,-1.6392,-3.5535,3.920
6.134509,-0.2355,-1.6492,-3.4932,3.870
6.139719,-0.2556,-1.6964,-3.4404,3.844
6.144173,-0.2702,-1.7090,-3.3593,3.779
6.148975,-0.2670,-1.6808,-3.2733,3.689
6.155948,-0.3035,-1.7338,-3.2734,3.717
6.159819,-0.2768,-1.7343,-3.2419,3.687
6.165126,-0.3070,-1.7019,-3.2938,3.720
6.169792,-0.2771,-1.6842,-3.3572,3.766
6.174915,-0.3000,-1.6619,-3.4442,3.836
6.178951,-0.3303,-1.5866,-3.5096,3.866
6.184030,-0.3256,-1.4942,-3.5702,3.884
6.189164,-0.3269,-1.3679,-3.5735,3.840
6.193910,-0.2843,-1.2431,-3.5485,3.771
6.198964,-0.1931,-1.0481,-3.4642,3.624
6.204807,-0.1106,-0.8977,-3.3302,3.451
6.211786,-0.0825,-0.7653,-3.1491,3.242
6.213370,-0.0226,-0.6626,-3.0000,3.072
6.218979,0.0283,-0.5058,-2.7826,2.828
6.224029,0.0723,-0.3468,-2.5092,2.534
6.228968,0.1041,-0.2098,-2.2300,2.242
6.233550,0.1261,-0.0088,-1.8111,1.816
6.240916,0.1260,0.1870,-1.3938,1.412
6.243817,0.0942,0.3464,-0.9783,1.042
6.248815,0.0428,0.4695,-0.5237,0.705
6.260889,0.0507,0.6133,0.0872,0.622
6.262310,0.0486,0.7131,0.6774,0.985
6.265989,0.0127,0.8452,1.2589,1.516
6.270089,0.0203,1.0137,1.7868,2.054
6.274920,-0.0042,1.1082,2.3165,2.568
6.279489,-0.0103,1.1831,2.8243,3.062
6.285265,0.0408,1.3145,3.3154,3.567
6.291158,0.1945,1.3349,3.7802,4.014
6.295433,0.3761,1.4020,4.2094,4.453
6.299162,0.5874,1.4704,4.6053,4.870
6.304118,0.7328,1.5402,4.8697,5.160
6.310603,0.8336,1.5667,5.0887,5.389
6.313500,0.8492,1.5814,5.3458,5.639
6.318453,0.7984,1.6712,5.5376,5.839
6.323944,0.6548,1.7288,5.6879,5.981
6.330116,0.4615,1.7974,5.8590,6.146
6.333891,0.2067,1.8652,6.0243,6.310
6.340287,-0.1145,1.8628,6.1122,6.391
6.343612,-0.4106,1.9003,6.1683,6.467
6.349128,-0.6339,1.8027,6.2790,6.563
6.359318,-0.8374,1.7085,6.3247,6.605
6.361510,-0.9782,1.5837,6.2316,6.504
6.363774,-1.0656,1.4809,6.1291,6.395
6.370603,-1.1261,1.3378,5.9695,6.220
6.379893,-1.1220,1.2641,5.8772,6.115
6.381429,-1.1516,1.1857,5.7183,5.952
6.383488,-1.0840,1.1072,5.5141,5.728
6.389458,-0.9582,1.0766,5.2982,5.491
6.393352,-0.8582,1.0432,5.1209,5.296
6.398147,-0.7907,1.0023,4.9032,5.067
6.403603,-0.7080,0.9657,4.6955,4.846
6.409370,-0.5863,0.8637,4.5600,4.678
6.413495,-0.5087,0.8088,4.3103,4.415
6.418591,-0.4487,0.7526,3.9874,4.082
6.424233,-0.4298,0.7141,3.6750,3.768
6.428968,-0.4876,0.6692,3.3281,3.430
6.433898,-0.5476,0.5723,2.9776,3.081
6.440469,-0.5526,0.5192,2.6022,2.710
6.444221,-0.6246,0.4144,2.1731,2.299
6.449476,-0.7140,0.3633,1.7474,1.922
6.453802,-0.7537,0.3160,1.3154,1.549
6.461609,-0.7926,0.2610,0.9678,1.278
6.464195,-0.7687,0.2175,0.5679,0.980
6.469188,-0.7711,0.1760,0.2471,0.829
6.491700,-0.7214,0.1034,-0.0833,0.734
6.494546,-0.6512,0.0528,-0.2897,0.715
6.496211,-0.5414,-0.0095,-0.4607,0.711
6.500245,-0.4309,-0.0618,-0.6564,0.788
6.502470,-0.3389,-0.0992,-0.7931,0.868
6.504282,-0.2147,-0.1052,-0.8825,0.914
6.506639,-0.1320,-0.1087,-0.9199,0.936
6.509363,-0.0115,-0.1719,-1.0032,1.018
6.513554,0.1021,-0.2258,-1.0507,1.080
6.518555,0.1854,-0.2706,-1.0934,1.142
6.523569,0.2628,-0.3019,-1.1716,1.238
6.528910,0.3468,-0.3315,-1.1920,1.285
6.533592,0.4021,-0.3981,-1.2908,1.409
6.540834,0.4359,-0.4394,-1.3984,1.529
6.543552,0.4582,-0.4965,-1.4788,1.626
6.548444,0.4812,-0.5623,-1.6179,1.779
6.554158,0.4998,-0.5935,-1.7896,1.951
6.559481,0.4517,-0.6761,-1.9437,2.107
6.563330,0.4229,-0.7454,-2.0970,2.265
6.569624,0.3343,-0.7412,-2.2546,2.397
6.575309,0.3056,-0.7542,-2.4045,2.538
6.579655,0.2762,-0.7794,-2.4776,2.612
6.584160,0.2222,-0.7781,-2.6082,2.731
6.592502,0.2390,-0.7119,-2.6433,2.748
6.594878,0.2237,-0.7219,-2.6403,2.746
6.598870,0.2098,-0.6858,-2.6211,2.717
6.618920,0.1472,-0.6586,-2.5400,2.628
6.621411,0.1273,-0.6787,-2.4187,2.515
6.623114,0.1307,-0.6723,-2.3312,2.430
6.625174,0.1222,-0.7109,-2.2152,2.330
6.628207,0.1308,-0.7661,-2.1112,2.250
6.630866,0.1783,-0.8238,-2.0765,2.241
6.636569,0.1646,-0.8933,-2.0512,2.243
6.641645,0.1595,-0.9844,-2.0041,2.239
6.643540,0.1055,-1.0587,-1.9855,2.253
6.648895,0.0843,-1.1474,-1.9547,2.268
6.654090,-0.0003,-1.1931,-1.8925,2.237
6.658985,-0.0812,-1.2700,-1.9210,2.304
6.663108,-0.1515,-1.3184,-1.9420,2.352
6.668315,-0.2042,-1.3837,-1.9293,2.383
6.674380,-0.2993,-1.3943,-1.9234,2.394
6.678491,-0.3173,-1.4559,-1.9124,2.424
6.683312,-0.3612,-1.4681,-1.8888,2.419
6.692728,-0.3785,-1.5006,-1.8981,2.449
6.694841,-0.4050,-1.5104,-1.8996,2.460
6.699500,-0.4193,-1.5242,-1.9504,2.511
6.723041,-0.4022,-1.5134,-1.9643,2.512
6.725997,-0.4064,-1.5115,-1.9940,2.535
6.728122,-0.3818,-1.5066,-2.0800,2.597
6.729626,-0.3907,-1.4798,-2.1984,2.679
6.730758,-0.3569,-1.4738,-2.2535,2.716
6.731798,-0.3357,-1.4452,-2.2935,2.732
6.735221,-0.2893,-1.4059,-2.3401,2.745
6.738442,-0.2062,-1.3912,-2.3791,2.764
6.743498,-0.1199,-1.3460,-2.3915,2.747
6.748425,-0.0352,-1.3007,-2.4207,2.748
6.753918,0.0484,-1.2169,-2.4405,2.727
6.759095,0.0759,-1.1979,-2.4434,2.722
6.763333,0.0956,-1.1234,-2.4083,2.659
6.768682,0.0794,-1.0720,-2.3161,2.553
6.773928,0.0964,-1.0323,-2.2720,2.497
6.778685,0.0750,-0.9706,-2.1898,2.396
6.783673,0.0611,-0.9226,-2.1391,2.330
6.793453,-0.0004,-0.8526,-2.0838,2.251
6.795810,-0.0060,-0.8156,-2.0048,2.164
6.798536,-0.0203,-0.7042,-1.8995,2.026
6.819936,-0.0547,-0.6281,-1.8018,1.909
6.821347,-0.0373,-0.5205,-1.6803,1.759
6.821965,-0.0151,-0.3981,-1.5710,1.621
6.822608,-0.0401,-0.2680,-1.3877,1.414
6.823144,0.0031,-0.1297,-1.2312,1.238
6.828967,0.0763,-0.0243,-1.0391,1.042
6.832797,0.0957,0.0870,-0.8620,0.872
6.838975,0.1044,0.2475,-0.7287,0.777
6.842985,0.1339,0.4745,-0.5989,0.776
6.848216,0.1841,0.7520,-0.4561,0.899
6.855364,0.2358,1.0304,-0.2819,1.094
6.858836,0.3222,1.3443,0.0139,1.382
6.862802,0.4193,1.7159,0.3663,1.804
6.868303,0.5414,2.0377,0.8324,2.267
6.874798,0.6843,2.3054,1.3069,2.737
6.878374,0.6989,2.5449,1.8474,3.222
6.883273,0.6194,2.7867,2.4906,3.788
6.893150,0.5683,3.0006,3.2562,4.464
6.896980,0.5614,3.1494,4.0066,5.127
6.899777,0.5722,3.2463,4.7328,5.768
6.913927,0.5996,3.1869,5.3115,6.223
6.915735,0.6265,3.0369,5.6266,6.424
6.917755,0.5668,2.8169,5.7389,6.418
6.922813,0.4368,2.7755,5.6300,6.292
6.926366,0.2004,2.7995,5.3747,6.063
6.928526,-0.1194,2.8796,5.0711,5.833
6.935453,-0.3439,2.9761,4.6947,5.569
6.939682,-0.5248,3.0014,4.3041,5.273
6.943928,-0.5158,2.8137,3.9359,4.866
6.949915,-0.4247,2.5638,3.5875,4.430
6.953867,-0.2875,2.3039,3.2163,3.967
6.961299,-0.1974,2.0045,2.9473,3.570
6.963826,-0.1266,1.7951,2.8635,3.382
6.969776,-0.0590,1.6158,2.9266,3.343
6.973801,0.0262,1.4651,3.1136,3.441
6.979144,0.1097,1.2240,3.4357,3.649
6.983269,0.1893,0.9715,3.6458,3.778
6.989883,0.2935,0.6559,3.7121,3.781
6.993187,0.3690,0.3541,3.7175,3.752
6.997725,0.3506,0.1099,3.6036,3.622
7.005069,0.2083,-0.0778,3.3544,3.362
7.008465,0.0595,-0.2198,3.0665,3.075
7.013438,-0.1581,-0.3047,2.6753,2.697
7.018988,-0.3759,-0.3277,2.2190,2.274
7.024993,-0.6166,-0.2793,1.7548,1.881
7.028385,-0.9150,-0.1496,1.2773,1.578
7.032942,-1.1580,-0.0094,0.7664,1.389
7.041537,-1.4479,0.1306,0.3145,1.487
7.043051,-1.6807,0.3238,-0.1798,1.721
7.049022,-1.7810,0.4855,-0.6359,1.952
7.067721,-1.7923,0.6527,-1.0283,2.167
7.070404,-1.7279,0.7234,-1.3167,2.290
7.072543,-1.5662,0.6749,-1.5809,2.325
7.074711,-1.3718,0.5992,-1.8568,2.385
7.075988,-1.1172,0.5262,-2.0107,2.360
7.078694,-0.7884,0.4183,-2.1316,2.311
7.083209,-0.4244,0.2905,-2.1139,2.176
7.088955,-0.0590,0.2175,-2.0148,2.027
7.093677,0.2197,0.1030,-1.9177,1.933
7.098414,0.4931,0.0354,-1.7214,1.791
7.103873,0.7531,-0.0716,-1.5260,1.703
7.109413,0.9332,-0.1827,-1.3884,1.683
7.114915,1.1101,-0.2336,-1.2388,1.680
7.121276,1.2021,-0.3756,-1.1294,1.692
7.124605,1.3038,-0.4391,-1.0577,1.735
7.129168,1.3260,-0.5421,-1.0089,1.752
7.134164,1.2828,-0.6202,-0.9998,1.741
7.138595,1.2420,-0.6739,-1.0087,1.736
7.143875,1.1942,-0.7416,-1.0572,1.759
7.148372,1.0666,-0.7611,-1.1192,1.723
7.155611,0.9503,-0.7873,-1.1591,1.693
7.157907,0.8475,-0.8225,-1.2009,1.684
7.162708,0.7647,-0.8430,-1.2686,1.704
7.167893,0.6488,-0.8559,-1.2978,1.685
7.172727,0.4947,-0.8946,-1.3340,1.681
7.178828,0.3355,-0.8995,-1.3222,1.634
7.183054,0.1705,-0.9044,-1.3915,1.668
7.192230,0.0182,-0.9499,-1.3960,1.689
7.195051,-0.1077,-0.9742,-1.4790,1.774
7.199799,-0.2505,-1.0328,-1.5304,1.863
7.217625,-0.2842,-1.0371,-1.5597,1.894
7.218948,-0.3264,-1.0711,-1.5763,1.934
7.219606,-0.3151,-1.1493,-1.6282,2.018
7.220166,-0.2771,-1.1785,-1.6792,2.070
7.227569,-0.2145,-1.1994,-1.7606,2.141
7.231407,-0.1485,-1.2575,-1.8531,2.244
7.235737,-0.1172,-1.3291,-1.9422,2.356
7.242207,-0.0339,-1.3759,-2.0016,2.429
7.243826,-0.0373,-1.4149,-2.1246,2.553
7.249791,-0.0003,-1.4008,-2.2153,2.621
7.253587,0.0246,-1.3838,-2.2116,2.609
7.259396,0.0563,-1.3854,-2.2812,2.670
7.263651,0.0445,-1.3313,-2.2804,2.641
7.269961,0.0608,-1.2596,-2.3099,2.632
7.273664,0.0452,-1.1797,-2.3291,2.611
7.278876,-0.0262,-1.1390,-2.3741,2.633
7.283016,-0.0411,-1.0727,-2.4307,2.657
7.289174,0.0050,-1.0309,-2.4343,2.644
7.293737,-0.0053,-0.9701,-2.4306,2.617
7.298245,-0.0319,-0.9164,-2.4294,2.597
7.305234,-0.0321,-0.8839,-2.3901,2.549
7.308041,-0.0303,-0.8726,-2.3462,2.503
7.313366,-0.0080,-0.8371,-2.2882,2.437
7.318116,-0.0180,-0.7654,-2.2447,2.372
7.325307,0.0569,-0.6769,-2.1178,2.224
7.333516,0.1401,-0.6002,-2.0030,2.096
7.334819,0.2311,-0.5643,-1.8739,1.971
7.352096,0.3945,-0.5622,-1.7043,1.837
7.353581,0.5487,-0.5294,-1.6183,1.789
7.354158,0.7417,-0.5546,-1.5487,1.805
7.354951,0.9023,-0.5805,-1.5147,1.856
7.358092,1.1480,-0.6309,-1.4326,1.941
7.363792,1.3354,-0.6653,-1.3811,2.033
7.368982,1.4870,-0.6836,-1.4082,2.159
7.373397,1.6155,-0.7243,-1.4132,2.265
7.378186,1.7028,-0.7272,-1.4584,2.357
7.383162,1.7284,-0.7379,-1.5463,2.434
7.391019,1.7482,-0.7612,-1.6288,2.508
7.393496,1.7365,-0.7753,-1.7086,2.556
7.397649,1.7054,-0.7851,-1.8095,2.607
7.403758,1.6187,-0.7710,-1.9268,2.632
7.408652,1.5455,-0.7374,-2.1039,2.713
7.412709,1.4012,-0.7199,-2.1758,2.686
7.417940,1.2285,-0.7182,-2.2888,2.695
7.424195,1.0263,-0.6910,-2.4240,2.721
7.428857,0.7798,-0.6738,-2.4380,2.647
7.432557,0.5411,-0.6166,-2.3981,2.534
7.439161,0.3050,-0.5958,-2.3041,2.399
7.443243,0.1281,-0.5660,-2.1708,2.247
7.448013,-0.0402,-0.5775,-1.9979,2.080
7.458133,-0.2308,-0.5972,-1.8213,1.931
7.460560,-0.3526,-0.5514,-1.5689,1.700
7.463977,-0.4625,-0.5149,-1.3169,1.488
7.467900,-0.4882,-0.5025,-1.0219,1.239
7.489617,-0.4597,-0.4670,-0.7579,1.002
7.491449,-0.4436,-0.4159,-0.5124,0.795
7.492562,-0.4703,-0.3420,-0.3621,0.685
7.494382,-0.5221,-0.2619,-0.2278,0.627
7.495924,-0.6414,-0.1342,-0.1267,0.667
7.497894,-0.8030,0.0202,-0.0542,0.805
7.505019,-0.9969,0.2810,0.0251,1.036
7.508439,-1.1770,0.5461,0.1778,1.310
7.513517,-1.4447,0.9217,0.3364,1.746
7.520479,-1.7870,1.3386,0.5937,2.310
7.526013,-2.0665,1.8187,0.9232,2.904
7.528486,-2.2427,2.2659,1.3965,3.481
7.532714,-2.3332,2.6396,1.9987,4.050
7.541743,-2.2529,2.9171,2.7300,4.587
7.545559,-2.0754,3.1126,3.5232,5.139
7.547581,-1.7767,3.1603,4.3019,5.626
7.555205,-1.3388,3.1765,5.0859,6.144
7.559947,-0.8503,3.1016,5.8020,6.634
7.563400,-0.4534,3.0591,6.3676,7.079
7.567818,-0.2157,3.1217,6.8076,7.492
7.572850,-0.1445,3.2528,7.0655,7.780
7.578127,-0.1708,3.4211,7.2350,8.005
7.582909,-0.3585,3.6535,7.2276,8.106
7.590562,-0.5857,3.7891,7.1739,8.134
7.593359,-0.7622,3.8347,7.0894,8.096
7.597701,-0.8551,3.7249,7.0834,8.049
7.620183,-0.8787,3.5049,7.1354,7.998
7.621882,-0.8535,3.2140,7.2018,7.933
7.622731,-0.7406,2.8149,7.2633,7.825
7.623458,-0.5755,2.3245,7.2555,7.640
7.624173,-0.3717,1.8265,7.2579,7.493
7.628814,-0.1666,1.2608,7.2446,7.355
7.634811,-0.0300,0.8156,7.1733,7.220
7.640710,0.0257,0.3942,7.0639,7.075
7.643142,-0.0179,0.0866,6.8426,6.843
7.647345,-0.1684,-0.1125,6.5484,6.552
7.653537,-0.3545,-0.2183,6.1480,6.162
7.658594,-0.6014,-0.2099,5.5820,5.618
7.662646,-0.7986,-0.1023,5.0614,5.125
7.667741,-0.9742,0.0084,4.5430,4.646
7.674593,-1.1542,0.0645,3.9431,4.109
7.678187,-1.1609,0.1424,3.3766,3.573
7.683157,-1.0895,0.2467,2.7931,3.008
7.688287,-0.9528,0.2503,2.2548,2.461
7.692906,-0.7644,0.2634,1.7161,1.897
7.698197,-0.5854,0.2669,1.2340,1.392
7.707116,-0.3631,0.1894,0.6887,0.801
7.709859,-0.1216,0.1408,0.2023,0.275
7.713307,0.0574,0.1261,-0.1919,0.237
7.718796,0.2859,0.0396,-0.6209,0.685
7.725491,0.4820,-0.0827,-1.0486,1.157
7.728081,0.6794,-0.1543,-1.4132,1.576
7.733367,0.7949,-0.2610,-1.8032,1.988
7.743615,0.9721,-0.3928,-2.1998,2.437
7.746038,1.1627,-0.4985,-2.5534,2.850
7.748041,1.2882,-0.6179,-2.8646,3.201
7.753062,1.3729,-0.6420,-3.0766,3.430
7.776996,1.4378,-0.6616,-3.2114,3.580
7.780522,1.4742,-0.6519,-3.3675,3.733
7.782710,1.4970,-0.5646,-3.4161,3.772
7.785218,1.4734,-0.5214,-3.4624,3.799
7.787424,1.4668,-0.4818,-3.4560,3.785
7.789912,1.4112,-0.4318,-3.4111,3.717
7.791728,1.4491,-0.4287,-3.2819,3.613
7.795800,1.4535,-0.4704,-3.0591,3.419
7.798324,1.4684,-0.5285,-2.8761,3.272
7.805085,1.4680,-0.6012,-2.7253,3.153
7.807120,1.4460,-0.6269,-2.5465,2.995
7.813061,1.3980,-0.6850,-2.4781,2.927
7.817907,1.2960,-0.7087,-2.4266,2.841
7.822725,1.1780,-0.7486,-2.3369,2.722
7.827481,1.0542,-0.7832,-2.2782,2.630
7.832644,0.9220,-0.7929,-2.2342,2.544
7.838046,0.7953,-0.7687,-2.1853,2.449
7.842220,0.6792,-0.7249,-2.1437,2.363
7.847265,0.5182,-0.7215,-2.0567,2.240
7.852415,0.4224,-0.6819,-1.9840,2.140
7.857467,0.3506,-0.6757,-1.9472,2.091
7.862660,0.2646,-0.6409,-1.9245,2.046
7.867624,0.2239,-0.6018,-1.8392,1.948
7.876288,0.1921,-0.5755,-1.7869,1.887
7.878101,0.1425,-0.5741,-1.7291,1.827
7.907472,0.0601,-0.5643,-1.6755,1.769
7.909000,-0.0509,-0.5315,-1.6309,1.716
7.909662,-0.1835,-0.4998,-1.6671,1.750
7.910504,-0.3161,-0.4065,-1.6909,1.768
7.911707,-0.4464,-0.3163,-1.6593,1.747
7.912678,-0.5461,-0.2194,-1.6468,1.749
7.913378,-0.6322,-0.1681,-1.6366,1.762
7.919909,-0.7528,-0.0925,-1.6076,1.778
7.923136,-0.7889,-0.0354,-1.5409,1.732
7.927391,-0.8030,0.0011,-1.4535,1.661
7.931600,-0.8148,0.0725,-1.2643,1.506
7.937337,-0.8532,0.1122,-0.9952,1.316
7.943039,-0.8633,0.1343,-0.7131,1.128
7.947377,-0.8494,0.1863,-0.3293,0.930
7.953462,-0.8162,0.2485,0.0680,0.856
7.957822,-0.7417,0.2318,0.4934,0.920
7.962844,-0.6926,0.1878,0.8974,1.149
7.967122,-0.6206,0.1204,1.3069,1.452
7.973819,-0.5737,0.0843,1.6789,1.776
7.981826,-0.5325,0.0116,2.0331,2.102
7.982834,-0.4442,-0.0552,2.3149,2.358
7.997374,-0.3755,-0.1000,2.5103,2.540
7.999139,-0.3832,-0.0515,2.6414,2.670
8.000056,-0.4924,0.0517,2.6316,2.678
8.002622,-0.6662,0.2121,2.5482,2.642
8.009296,-0.8117,0.4133,2.3335,2.505
8.012913,-0.9894,0.5584,2.1616,2.442
8.018006,-1.0852,0.7326,1.9146,2.320
8.023005,-1.1123,0.8986,1.7330,2.247
8.027761,-1.0210,0.9860,1.6375,2.167
8.032073,-0.8710,1.0628,1.4960,2.031
8.038258,-0.7008,1.1062,1.3749,1.899
8.042455,-0.4982,1.0905,1.3550,1.809
8.047123,-0.2513,1.0164,1.4287,1.771
8.052696,-0.0439,0.9065,1.5595,1.804
8.057015,0.1530,0.8044,1.7876,1.966
8.062633,0.3155,0.6600,2.0458,2.173
8.067657,0.4471,0.5069,2.3508,2.446
8.072193,0.5664,0.3300,2.7079,2.786
8.077315,0.7037,0.1022,2.9906,3.074
8.082230,0.8294,-0.1345,3.2308,3.338
8.087406,0.9352,-0.4316,3.3908,3.544
8.092764,1.0334,-0.7087,3.4236,3.646
8.096981,1.0911,-0.9546,3.3559,3.656
8.102751,1.1012,-1.1867,3.1214,3.516
8.107945,1.1160,-1.4202,2.7589,3.298
8.112507,1.1042,-1.5882,2.3882,3.073
8.117095,1.0743,-1.7151,1.9427,2.805
8.127794,0.9582,-1.7484,1.4847,2.486
8.130410,0.8838,-1.7907,1.0165,2.241
8.132093,0.7545,-1.7724,0.5619,2.007
8.145992,0.7344,-1.7172,0.0873,1.870
8.147832,0.7265,-1.6105,-0.3381,1.799
8.148773,0.6320,-1.4810,-0.6619,1.741
8.154790,0.6384,-1.3478,-0.9200,1.752
8.159840,0.5486,-1.1748,-1.1103,1.707
8.162363,0.5146,-1.0077,-1.2401,1.679
8.170142,0.4719,-0.8345,-1.3167,1.629
8.172902,0.5009,-0.6411,-1.3377,1.566
8.178050,0.5056,-0.4802,-1.2863,1.463
8.183024,0.5071,-0.3355,-1.2511,1.391
8.187709,0.5080,-0.1734,-1.1483,1.268
8.192085,0.5319,-0.0469,-1.0138,1.146
8.196915,0.5404,0.0227,-0.9695,1.110
8.202474,0.5527,0.0354,-0.9270,1.080
8.207356,0.5833,0.0585,-0.8910,1.067
8.212728,0.6494,0.0419,-0.8520,1.072
8.216521,0.6846,0.0079,-0.7674,1.028
8.223253,0.7391,-0.0003,-0.6898,1.011
8.227001,0.8253,-0.0182,-0.6553,1.054
8.233665,0.9248,-0.0958,-0.5251,1.068
8.253265,1.0516,-0.1110,-0.3280,1.107
8.255400,1.1465,-0.0973,-0.1288,1.158
8.256507,1.2432,-0.0860,0.0680,1.248
8.257362,1.3235,-0.0483,0.3461,1.369
8.257953,1.4281,-0.0252,0.6171,1.556
8.262537,1.5549,0.0239,0.8906,1.792
8.266942,1.6862,0.0485,1.1213,2.026
8.272918,1.8338,0.0770,1.2807,2.238
8.277718,2.0037,0.0667,1.3664,2.426
8.282374,2.1398,-0.0086,1.4477,2.584
8.286993,2.3124,-0.0480,1.4287,2.719
8.293904,2.4362,-0.0492,1.3836,2.802
8.300143,2.5053,-0.1265,1.2975,2.824
8.308523,2.5234,-0.2127,1.1991,2.802
8.311265,2.5513,-0.2834,1.0497,2.773
8.313189,2.4958,-0.3718,0.9041,2.680
8.317524,2.3378,-0.4848,0.7383,2.499
8.323068,2.1683,-0.6008,0.5545,2.317
8.327481,1.9558,-0.7145,0.3742,2.116
8.332321,1.7210,-0.7732,0.1469,1.892
8.339436,1.4799,-0.8198,-0.0267,1.692
8.342462,1.2129,-0.8544,-0.2352,1.502
8.347390,0.9935,-0.8557,-0.4041,1.372
8.352568,0.7441,-0.8451,-0.5336,1.246
8.359204,0.5834,-0.7992,-0.6305,1.173
8.362688,0.4271,-0.7709,-0.7161,1.136
8.367478,0.3121,-0.7271,-0.7734,1.106
8.374067,0.2329,-0.6779,-0.8237,1.092
8.377739,0.1889,-0.6642,-0.8046,1.060
8.382657,0.2421,-0.5693,-0.8117,1.021
8.396428,0.2913,-0.5062,-0.8301,1.015
8.398853,0.3171,-0.4224,-0.8025,0.961
8.402299,0.3507,-0.4282,-0.7623,0.942
8.406172,0.4541,-0.3897,-0.7788,0.982
8.407654,0.5794,-0.3596,-0.7634,1.024
8.423660,0.7067,-0.2547,-0.5964,0.959
8.425985,0.8192,-0.1633,-0.4956,0.971
8.427111,0.8236,-0.1142,-0.5017,0.971
8.427995,0.8093,-0.0432,-0.5570,0.983
8.432647,0.8414,-0.0243,-0.6542,1.066
8.439117,0.8798,-0.0166,-0.6834,1.114
8.442420,0.8808,0.0209,-0.6497,1.095
8.447737,0.8937,0.0239,-0.6323,1.095
8.452922,0.8915,0.0451,-0.6191,1.086
8.458863,0.9050,0.0204,-0.5436,1.056
8.462742,0.9728,-0.0116,-0.5087,1.098
8.467794,1.0212,-0.0224,-0.4044,1.099
8.478072,1.1223,-0.0911,-0.2305,1.149
8.480234,1.2214,-0.1079,-0.0588,1.228
8.483580,1.2907,-0.1206,-0.0160,1.296
8.488369,1.3380,-0.1513,0.0896,1.350
8.503857,1.4050,-0.0876,0.2364,1.427
8.505284,1.3963,-0.0705,0.3240,1.435
8.505907,1.3867,-0.0642,0.3451,1.430
8.509277,1.4293,-0.0496,0.3502,1.472
8.512510,1.3901,-0.0409,0.3392,1.432
8.516744,1.3798,-0.0499,0.2858,1.410
8.522418,1.4153,-0.0595,0.1777,1.428
8.526976,1.3800,-0.0792,0.0726,1.384
8.531857,1.3178,-0.1949,-0.0632,1.334
8.537265,1.3463,-0.2000,-0.1728,1.372
8.542568,1.3363,-0.1905,-0.2058,1.365
8.547229,1.3183,-0.2167,-0.1694,1.347
8.552462,1.2864,-0.2526,-0.0851,1.314
8.558211,1.2017,-0.2336,-0.0508,1.225
8.563419,1.1340,-0.2725,-0.0711,1.168
8.566766,1.0623,-0.2496,-0.0717,1.094
8.573217,0.9884,-0.2297,-0.0623,1.017
8.577154,0.8714,-0.1480,-0.1528,0.897
8.581944,0.7914,-0.1311,-0.1759,0.821
8.592031,0.7022,-0.0855,-0.2082,0.737
8.593728,0.6818,-0.0467,-0.2861,0.741
8.597749,0.6416,0.0188,-0.3423,0.727
8.602143,0.6076,0.0802,-0.4227,0.745
8.617535,0.5485,0.0685,-0.5060,0.749
8.618820,0.5127,0.1392,-0.5513,0.766
8.619833,0.5331,0.1871,-0.5541,0.791
8.630115,0.4828,0.2146,-0.5433,0.758
8.631907,0.4741,0.2361,-0.5403,0.757
8.633262,0.4667,0.2397,-0.5572,0.765
8.641184,0.4748,0.2638,-0.5343,0.762
8.643701,0.4743,0.2846,-0.5003,0.746
8.647097,0.4863,0.2782,-0.4268,0.704
8.655446,0.5206,0.2707,-0.3446,0.680
8.658763,0.5841,0.2882,-0.1844,0.677
8.662131,0.6342,0.2898,-0.0369,0.698
8.666507,0.6480,0.2893,0.0576,0.712
8.674721,0.6762,0.3343,0.1807,0.776
8.677709,0.6762,0.2713,0.2729,0.778
8.682285,0.6503,0.2483,0.3583,0.783
8.691734,0.6226,0.2677,0.4108,0.792
8.693513,0.5618,0.2527,0.4232,0.747
8.697790,0.5585,0.1987,0.4217,0.727
8.702171,0.5462,0.1706,0.3968,0.696
8.715136,0.4915,0.1370,0.3463,0.617
8.716705,0.4515,0.1270,0.2890,0.551
8.717630,0.4309,0.1505,0.2151,0.505
8.728010,0.3556,0.1740,0.1844,0.437
8.729757,0.2686,0.1739,0.1490,0.353
8.731782,0.1813,0.1884,0.1014,0.280
8.739832,0.0847,0.2438,0.0156,0.259
8.742859,0.0214,0.2777,-0.0271,0.280
8.746731,-0.0320,0.3000,-0.0220,0.303
8.751335,-0.0642,0.3129,-0.0911,0.332
8.758315,-0.0843,0.3519,-0.1121,0.379
8.761735,-0.1046,0.3050,-0.1786,0.369
8.767027,-0.0391,0.2512,-0.1997,0.323
8.773492,0.0209,0.2071,-0.2017,0.290
8.777270,0.1283,0.1539,-0.2255,0.302
8.782994,0.1998,0.1299,-0.2207,0.325
8.787944,0.2019,0.1711,-0.2115,0.339
8.792145,0.2112,0.1913,-0.2074,0.352
8.797094,0.1967,0.2168,-0.1916,0.350
8.803393,0.1628,0.2171,-0.1694,0.320
8.811730,0.1236,0.2641,-0.1385,0.323
8.813371,0.1192,0.3242,-0.0822,0.355
8.818489,0.1326,0.3638,0.0184,0.388
8.839839,0.1374,0.4097,0.1536,0.459
8.841267,0.1139,0.3946,0.2325,0.472
8.843367,0.1263,0.3354,0.3650,0.512
8.846053,0.1460,0.2322,0.4817,0.554
8.848651,0.1418,0.1257,0.5419,0.574
8.851108,0.2290,0.0900,0.6534,0.698
8.852445,0.3333,-0.0425,0.8211,0.887
8.859710,0.3375,-0.1837,0.8611,0.943
8.861700,0.3005,-0.3122,0.8766,0.978
8.866119,0.2833,-0.4519,0.8799,1.029
8.871193,0.3151,-0.5674,0.8906,1.102
8.876942,0.3220,-0.6779,0.8608,1.142
8.882291,0.3113,-0.7716,0.7669,1.132
8.887531,0.2737,-0.8345,0.6738,1.107
8.893376,0.1877,-0.8954,0.5671,1.076
8.896733,0.0890,-0.9254,0.4467,1.031
8.903752,-0.0155,-0.9057,0.3127,0.958
8.908010,-0.0906,-0.8576,0.1411,0.874
8.912244,-0.2175,-0.8505,0.0010,0.878
8.916452,-0.3057,-0.8626,-0.1555,0.928
8.926153,-0.3221,-0.8171,-0.2472,0.912
8.927708,-0.3005,-0.7593,-0.3200,0.877
8.932156,-0.2342,-0.7466,-0.3787,0.869
8.958389,-0.1635,-0.7166,-0.3971,0.835
8.959922,-0.1365,-0.6811,-0.4278,0.816
8.960938,-0.0791,-0.6522,-0.3994,0.769
8.962129,-0.0270,-0.6846,-0.2878,0.743
8.963126,0.0578,-0.6637,-0.1123,0.676
8.963987,0.1057,-0.6786,0.0819,0.692
8.967046,0.0958,-0.6866,0.1827,0.717
8.972695,0.0380,-0.6996,0.2861,0.757
8.976982,-0.0122,-0.6965,0.3777,0.792
8.982098,-0.0311,-0.6751,0.4962,0.838
8.989296,-0.0764,-0.6691,0.5865,0.893
8.992985,-0.1104,-0.6452,0.6486,0.922
8.997110,-0.1236,-0.6489,0.6682,0.940
9.005843,-0.1426,-0.6703,0.6140,0.920
9.008830,-0.2101,-0.6713,0.5962,0.922
9.017097,-0.2304,-0.6613,0.5527,0.892
9.019420,-0.2347,-0.6808,0.5669,0.916
9.025820,-0.2061,-0.6868,0.5719,0.917
9.027325,-0.1735,-0.6816,0.5604,0.899
9.032282,-0.1558,-0.6650,0.5348,0.867
9.056244,-0.1386,-0.6606,0.4878,0.833
9.057605,-0.0330,-0.6708,0.5294,0.855
9.058290,0.0104,-0.6620,0.4587,0.805
9.058876,0.0514,-0.6458,0.4191,0.772
9.059628,0.0686,-0.6747,0.3745,0.775
9.062804,0.1483,-0.6887,0.3896,0.805
9.066531,0.1594,-0.6758,0.3591,0.782
9.073881,0.1646,-0.6769,0.3837,0.795
9.076650,0.1687,-0.7445,0.3845,0.855
9.081767,0.1526,-0.7068,0.4166,0.834
9.088717,0.0971,-0.7214,0.3675,0.815
9.091739,0.0524,-0.7289,0.3619,0.815
9.098289,-0.0177,-0.7580,0.3398,0.831
9.103824,-0.0679,-0.7775,0.3037,0.837
9.108326,-0.1435,-0.7854,0.2918,0.850
9.111746,-0.2304,-0.7983,0.2636,0.872
9.116351,-0.2330,-0.7804,0.2860,0.863
9.126522,-0.2784,-0.8301,0.2873,0.922
9.128577,-0.3640,-0.8755,0.2915,0.992
9.133088,-0.3964,-0.8783,0.2578,0.998
9.136411,-0.4832,-0.8938,0.2630,1.049
9.156550,-0.5626,-0.9027,0.2280,1.088
9.158010,-0.5893,-0.8670,0.1792,1.064
9.159568,-0.6448,-0.8177,0.0878,1.045
9.160462,-0.6912,-0.7856,-0.0296,1.047
9.163014,-0.7096,-0.7707,-0.1133,1.054
9.167055,-0.7435,-0.7344,-0.1827,1.061
9.175104,-0.7525,-0.7482,-0.2191,1.084
9.177402,-0.7468,-0.6996,-0.1390,1.033
9.182723,-0.6978,-0.6678,-0.0428,0.967
9.186939,-0.6079,-0.6863,0.0480,0.918
9.191597,-0.5007,-0.6528,0.1219,0.832
9.197364,-0.3972,-0.6847,0.2029,0.817
9.201535,-0.2970,-0.7007,0.3273,0.828
9.207137,-0.2746,-0.7010,0.5617,0.939
9.212162,-0.2271,-0.6620,0.8273,1.084
9.216552,-0.1190,-0.6032,0.9952,1.170
9.221968,-0.0929,-0.6019,0.9465,1.126
9.226645,-0.0348,-0.6008,0.7490,0.961
9.232047,0.0445,-0.5733,0.5347,0.785
9.239928,0.0477,-0.6548,-0.8280,1.057
9.242394,-0.3427,-0.4727,-3.5345,3.582
9.246814,-0.5734,-0.1563,-2.8825,2.943
9.251721,-0.4121,-0.2147,-1.2302,1.315
9.261585,-0.1900,-0.3284,-0.7660,0.855
9.272040,-0.0280,-0.3427,-0.7726,0.846
9.273387,0.1056,-0.3675,-0.4048,0.557
9.275282,0.3390,-0.3791,0.3468,0.616
9.276479,0.4225,-0.3085,1.0198,1.146
9.291604,0.3295,-0.2174,1.3712,1.427
9.292594,0.1677,-0.0681,1.4137,1.425
9.293188,-0.0196,0.0030,1.3056,1.306
9.302823,-0.0938,0.0251,1.2285,1.232
9.303788,-0.1152,0.0327,1.0644,1.071
9.313148,-0.1151,-0.0314,0.8636,0.872
9.314259,-0.0214,-0.1258,0.6594,0.672
9.316127,0.0560,-0.2259,0.3939,0.458
9.331765,0.0721,-0.2901,0.1268,0.325
9.333496,0.1179,-0.4587,-0.2263,0.525
9.334348,0.1243,-0.5130,-0.6679,0.851
9.346768,0.0411,-0.5141,-0.9237,1.058
9.349643,-0.1014,-0.4447,-1.0258,1.123
9.350893,-0.2467,-0.3521,-1.0442,1.129
9.354734,-0.3264,-0.2366,-0.9098,0.995
9.360738,-0.3866,-0.1390,-0.7830,0.884
9.362703,-0.3936,-0.1198,-0.5748,0.707
9.366429,-0.3685,-0.0674,-0.3398,0.506
